,total,available_cells,max_tile,monotonic,smoothness,merge_pairs,merge_score,center_edges_diff,max_tile_in_corner,depth,pruned,elapsed_time
0,15.0,14,0,0,0.0,0,0.0,0.0,1.0,42,0,0.20059
1,16.0,13,0,0,-0.0,1,1.0,1.0,1.0,54,0,0.214303
2,13.0,12,0,0,-0.0,1,1.0,0.0,0.0,50,0,0.215298
3,19.0,12,0,0,-1.0,2,3.0,3.0,2.0,42,0,0.217136
4,17.0,12,0,0,-2.0,1,2.0,3.0,2.0,54,0,0.207483
5,14.0,12,0,0,-3.0,0,0.0,2.0,3.0,54,0,0.210237
6,16.0,11,0,0,-2.0,2,2.0,2.0,3.0,50,0,0.221084
7,16.0,11,0,0,-3.0,1,2.0,3.0,3.0,46,0,0.223073
8,20.0,11,0,0,-2.0,2,4.0,4.0,3.0,34,0,0.228572
9,20.0,11,0,0,-2.0,1,3.0,5.0,3.0,42,0,0.214273
10,19.0,10,0,0,-3.0,3,5.0,4.0,3.0,54,0,0.206436
11,20.0,10,0,0,-3.0,2,4.0,6.0,3.0,50,0,0.207899
12,21.0,10,0,0,-3.0,2,5.0,6.0,3.0,54,0,0.205854
13,15.0,11,0,0,-4.0,0,0.0,4.0,4.0,54,0,0.206851
14,14.0,10,0,0,-5.0,1,1.0,4.0,4.0,38,0,0.213318
15,17.0,10,0,0,-4.0,2,3.0,4.0,4.0,58,0,0.212509
16,20.0,10,0,1,-4.0,2,4.0,5.0,4.0,42,0,0.209991
17,19.0,10,0,2,-4.0,1,2.0,5.0,4.0,58,0,0.213088
18,21.0,10,0,1,-4.0,1,3.0,7.0,4.0,58,0,0.210915
19,22.0,10,0,0,-4.0,2,5.0,7.0,4.0,46,0,0.21338
20,22.0,10,0,1,-4.0,1,4.0,7.0,4.0,62,0,0.204393
21,20.0,9,0,1,-6.0,1,4.0,8.0,4.0,62,0,0.208516
22,21.0,8,0,1,-6.0,2,5.0,9.0,4.0,66,0,0.20751
23,22.0,8,0,1,-6.0,2,6.0,9.0,4.0,74,0,0.211161
24,22.0,7,0,1,-6.0,3,7.0,9.0,4.0,58,0,0.205601
25,22.0,6,0,1,-7.0,5,10.0,8.0,4.0,70,0,0.201932
26,22.0,6,0,1,-7.0,4,10.0,8.0,4.0,66,0,0.20142
27,18.0,6,0,1,-8.0,3,7.0,8.0,4.0,90,0,0.207807
28,21.0,8,0,0,-6.0,3,6.0,8.0,5.0,50,0,0.202444
29,20.0,9,0,1,-7.0,1,3.0,9.0,5.0,54,0,0.203728
30,16.0,9,0,1,-8.0,2,2.0,7.0,5.0,58,0,0.21417
31,20.0,10,0,2,-6.0,0,0.0,9.0,5.0,50,0,0.213223
32,15.0,9,0,2,-9.0,0,0.0,8.0,5.0,70,0,0.211168
33,11.0,8,0,1,-10.0,1,1.0,6.0,5.0,58,0,0.206093
34,14.0,8,0,0,-10.0,3,5.0,6.0,5.0,58,0,0.203196
35,14.0,8,0,1,-9.0,2,5.0,4.0,5.0,58,0,0.200498
36,22.0,9,0,1,-6.0,2,7.0,6.0,5.0,54,0,0.206986
37,24.0,8,0,1,-6.0,4,9.0,7.0,5.0,58,0,0.211092
38,17.0,8,0,1,-10.0,2,7.0,6.0,5.0,42,0,0.211465
39,16.0,8,0,0,-9.0,2,6.0,6.0,5.0,54,0,0.209432
40,17.0,8,0,0,-9.0,3,8.0,5.0,5.0,58,0,0.213603
41,21.0,9,0,0,-7.0,2,8.0,6.0,5.0,62,0,0.207109
42,19.0,9,0,1,-8.0,2,6.0,6.0,5.0,66,0,0.206144
43,17.0,8,0,1,-9.0,1,5.0,7.0,5.0,74,0,0.208224
44,13.0,8,0,1,-10.0,0,0.0,8.0,6.0,66,0,0.212652
45,12.0,7,0,1,-11.0,1,1.0,8.0,6.0,46,0,0.213027
46,16.0,7,0,1,-10.0,2,3.0,9.0,6.0,74,0,0.203272
47,18.0,8,0,1,-8.0,1,2.0,9.0,6.0,62,0,0.201686
48,19.0,7,0,1,-8.0,2,5.0,8.0,6.0,66,0,0.222364
49,15.0,6,0,1,-10.0,2,5.0,7.0,6.0,74,0,0.210593
50,17.0,7,0,0,-11.0,3,6.0,9.0,6.0,58,0,0.210847
51,18.0,7,0,1,-10.0,2,5.0,9.0,6.0,70,0,0.201598
52,14.0,7,0,0,-13.0,2,6.0,8.0,6.0,78,0,0.201576
53,16.0,8,0,3,-10.0,1,3.0,6.0,6.0,62,0,0.212462
54,15.0,7,0,2,-11.0,3,5.0,6.0,6.0,66,0,0.209999
55,13.0,7,0,2,-12.0,1,3.0,7.0,6.0,46,0,0.212748
56,12.0,6,0,2,-13.0,2,4.0,7.0,6.0,66,0,0.206583
57,15.0,6,0,2,-12.0,2,5.0,8.0,6.0,66,0,0.204574
58,11.0,6,0,0,-12.0,3,4.0,7.0,6.0,66,0,0.202802
59,18.0,8,0,1,-8.0,1,2.0,9.0,6.0,70,0,0.209144
60,15.0,8,0,3,-10.0,0,0.0,8.0,6.0,70,0,0.203534
61,6.0,7,0,1,-12.0,2,4.0,6.0,0.0,66,0,0.211953
62,9.0,6,0,2,-14.0,2,4.0,5.0,6.0,54,0,0.201229
63,11.0,6,0,2,-14.0,2,5.0,6.0,6.0,70,0,0.208193
64,4.0,7,0,2,-18.0,0,0.0,7.0,6.0,74,0,0.202936
65,11.0,6,0,1,-13.0,2,5.0,6.0,6.0,62,0,0.217664
66,14.0,7,0,0,-14.0,2,6.0,9.0,6.0,82,0,0.209183
67,17.0,8,0,1,-12.0,2,8.0,6.0,6.0,50,0,0.202089
68,20.0,8,0,0,-10.0,3,10.0,6.0,6.0,62,0,0.202277
69,21.0,8,0,0,-10.0,3,11.0,6.0,6.0,58,0,0.201437
70,21.0,8,0,0,-10.0,3,12.0,5.0,6.0,62,0,0.202573
71,18.0,8,0,1,-11.0,3,8.0,6.0,6.0,62,0,0.209469
72,19.0,8,0,1,-10.0,2,8.0,6.0,6.0,50,0,0.208537
73,19.0,8,0,2,-11.0,2,7.0,7.0,6.0,70,0,0.201582
74,13.0,9,0,2,-11.0,1,1.0,5.0,7.0,46,0,0.204421
75,19.0,9,0,2,-8.0,1,2.0,7.0,7.0,66,0,0.212338
76,19.0,9,0,1,-8.0,1,3.0,7.0,7.0,62,0,0.207148
77,22.0,9,0,1,-7.0,2,5.0,7.0,7.0,50,0,0.215817
78,19.0,9,0,0,-9.0,2,6.0,6.0,7.0,66,0,0.203439
79,19.0,10,0,0,-10.0,2,4.0,8.0,7.0,50,0,0.224986
80,16.0,11,0,0,-9.0,0,0.0,7.0,7.0,54,0,0.216788
81,15.0,10,0,2,-12.0,0,0.0,8.0,7.0,62,0,0.211268
82,7.0,9,0,0,-8.0,1,1.0,5.0,0.0,50,0,0.200062
83,15.0,9,0,2,-12.0,0,0.0,9.0,7.0,54,0,0.202757
84,14.0,8,0,1,-12.0,2,2.0,8.0,7.0,34,0,0.210754
85,15.0,8,0,2,-12.0,0,0.0,10.0,7.0,66,0,0.202963
86,12.0,7,0,1,-14.0,2,3.0,8.0,7.0,46,0,0.200459
87,17.0,7,0,1,-12.0,2,3.0,11.0,7.0,62,0,0.213499
88,19.0,8,0,1,-10.0,1,2.0,11.0,7.0,70,0,0.209682
89,15.0,7,0,2,-13.0,1,2.0,10.0,7.0,82,0,0.207402
90,15.0,7,0,4,-13.0,1,1.0,9.0,7.0,58,0,0.204995
91,16.0,7,0,3,-12.0,1,2.0,9.0,7.0,74,0,0.202711
92,14.0,6,0,4,-14.0,2,3.0,8.0,7.0,66,0,0.203001
93,15.0,7,0,3,-12.0,1,1.0,9.0,7.0,78,0,0.207856
94,15.0,7,0,4,-12.0,0,0.0,9.0,7.0,78,0,0.204627
95,11.0,6,0,1,-13.0,2,5.0,5.0,7.0,82,0,0.205609
96,12.0,5,0,3,-14.0,2,4.0,7.0,7.0,82,0,0.205361
97,17.0,6,0,2,-12.0,2,6.0,8.0,7.0,50,0,0.202766
98,21.0,6,0,2,-11.0,4,9.0,8.0,7.0,58,0,0.203387
99,21.0,7,0,2,-12.0,3,7.0,10.0,7.0,66,0,0.212828
100,18.0,7,0,1,-12.0,2,5.0,10.0,7.0,62,0,0.20554
101,19.0,7,0,2,-12.0,1,4.0,11.0,7.0,66,0,0.210476
102,17.0,7,0,2,-13.0,1,2.0,12.0,7.0,54,0,0.205443
103,16.0,7,0,2,-14.0,1,1.0,13.0,7.0,70,0,0.20613
104,17.0,7,0,2,-13.0,0,0.0,14.0,7.0,58,0,0.20325
105,14.0,6,0,3,-15.0,1,1.0,12.0,7.0,78,0,0.211198
106,17.0,6,0,2,-14.0,2,3.0,13.0,7.0,66,0,0.204381
107,18.0,7,0,3,-12.0,0,0.0,13.0,7.0,78,0,0.201258
108,17.0,6,0,1,-14.0,2,8.0,9.0,7.0,70,0,0.21149
109,15.0,7,0,1,-14.0,1,1.0,13.0,7.0,66,0,0.206271
110,17.0,7,0,1,-14.0,1,2.0,14.0,7.0,70,0,0.211863
111,17.0,6,0,1,-14.0,3,4.0,13.0,7.0,70,0,0.2052
112,17.0,6,0,1,-12.0,1,2.0,13.0,7.0,78,0,0.209347
113,14.0,6,0,1,-14.0,0,0.0,14.0,7.0,70,0,0.201958
114,14.0,5,0,1,-16.0,2,3.0,14.0,7.0,74,0,0.206862
115,18.0,5,0,1,-13.0,2,4.0,14.0,7.0,86,0,0.209859
116,13.0,5,0,1,-15.0,1,3.0,12.0,7.0,98,0,0.208549
117,18.0,5,0,1,-16.0,2,6.0,15.0,7.0,82,0,0.203292
118,16.0,5,0,1,-16.0,2,5.0,14.0,7.0,82,0,0.209805
119,19.0,5,0,2,-14.0,2,6.0,13.0,7.0,58,0,0.200771
120,14.0,6,0,2,-15.0,2,4.0,10.0,7.0,66,0,0.209912
121,22.0,7,0,2,-12.0,2,6.0,12.0,7.0,62,0,0.2068
122,17.0,8,0,1,-14.0,0,0.0,15.0,7.0,70,0,0.205409
123,14.0,7,0,1,-16.0,1,1.0,14.0,7.0,78,0,0.209493
124,17.0,7,0,1,-14.0,1,1.0,15.0,7.0,62,0,0.200146
125,16.0,7,0,2,-14.0,0,0.0,14.0,7.0,82,0,0.20972
126,14.0,6,0,1,-16.0,1,5.0,11.0,7.0,66,0,0.205647
127,17.0,6,0,0,-16.0,1,6.0,14.0,7.0,74,0,0.201799
128,19.0,5,0,1,-16.0,3,8.0,14.0,7.0,78,0,0.20867
129,16.0,5,0,1,-18.0,2,8.0,13.0,7.0,98,0,0.208033
130,15.0,4,0,0,-18.0,3,9.0,13.0,7.0,86,0,0.209251
131,16.0,4,0,0,-18.0,3,10.0,13.0,7.0,86,0,0.215673
132,16.0,4,0,2,-19.0,3,9.0,13.0,7.0,118,0,0.204499
133,19.0,6,0,1,-16.0,3,13.0,8.0,7.0,54,0,0.206899
134,17.0,6,0,1,-16.0,2,8.0,11.0,7.0,78,0,0.204753
135,15.0,6,0,1,-17.0,1,7.0,11.0,7.0,78,0,0.200456
136,9.0,6,0,2,-16.0,1,1.0,8.0,8.0,74,0,0.210925
137,9.0,6,0,2,-16.0,1,2.0,7.0,8.0,74,0,0.202376
138,8.0,6,0,2,-17.0,0,0.0,9.0,8.0,66,0,0.200318
139,5.0,5,0,1,-20.0,0,0.0,11.0,8.0,102,0,0.200951
140,4.0,4,0,1,-21.0,1,1.0,11.0,8.0,74,0,0.202412
141,10.0,4,0,1,-17.0,2,3.0,11.0,8.0,74,0,0.203518
142,14.0,5,0,1,-16.0,3,7.0,9.0,8.0,70,0,0.207466
143,15.0,6,0,1,-13.0,1,3.0,10.0,8.0,78,0,0.207825
144,15.0,6,0,1,-16.0,1,4.0,12.0,8.0,82,0,0.203394
145,10.0,5,0,1,-20.0,2,5.0,11.0,8.0,102,0,0.207594
146,10.0,6,0,1,-16.0,3,5.0,6.0,8.0,58,0,0.203234
147,13.0,7,0,1,-16.0,3,5.0,8.0,8.0,46,0,0.203262
148,12.0,8,0,1,-13.0,0,0.0,8.0,8.0,70,0,0.206771
149,19.0,7,0,1,-14.0,2,5.0,12.0,8.0,58,0,0.201179
150,15.0,6,0,1,-17.0,3,6.0,11.0,8.0,70,0,0.205274
151,15.0,6,0,1,-17.0,2,5.0,12.0,8.0,66,0,0.204041
152,14.0,5,0,1,-18.0,3,6.0,12.0,8.0,78,0,0.208395
153,17.0,5,0,1,-16.0,3,7.0,12.0,8.0,74,0,0.202499
154,16.0,6,0,1,-14.0,2,3.0,12.0,8.0,82,0,0.213157
155,19.0,7,0,2,-11.0,0,0.0,13.0,8.0,82,0,0.206472
156,13.0,6,0,2,-14.0,2,2.0,9.0,8.0,58,0,0.20567
157,14.0,6,0,2,-16.0,0,0.0,14.0,8.0,90,0,0.205026
158,16.0,5,0,3,-14.0,2,2.0,12.0,8.0,86,0,0.20213
159,18.0,5,0,3,-13.0,2,3.0,12.0,8.0,102,0,0.203641
160,15.0,6,0,2,-14.0,0,0.0,13.0,8.0,86,0,0.202761
161,15.0,5,0,3,-13.0,0,0.0,12.0,8.0,98,0,0.200506
162,15.0,4,0,4,-14.0,1,1.0,12.0,8.0,106,0,0.201891
163,9.0,4,0,3,-18.0,0,0.0,12.0,8.0,102,0,0.205825
164,5.0,3,0,3,-20.0,0,0.0,11.0,8.0,154,0,0.201461
165,7.0,2,0,2,-21.0,3,6.0,10.0,8.0,62,0,0.201194
166,16.0,4,0,1,-17.0,3,9.0,11.0,8.0,98,0,0.202454
167,16.0,5,0,2,-14.0,2,3.0,12.0,8.0,58,0,0.201106
168,15.0,6,0,5,-14.0,0,0.0,10.0,8.0,94,0,0.204998
169,6.0,5,0,3,-16.0,0,0.0,6.0,8.0,90,0,0.207844
170,8.0,4,0,5,-20.0,0,0.0,11.0,8.0,122,0,0.200552
171,12.0,3,0,2,-18.0,4,7.0,10.0,8.0,74,0,0.201449
172,17.0,5,0,2,-15.0,3,6.0,11.0,8.0,70,0,0.204581
173,17.0,5,0,2,-16.0,2,6.0,12.0,8.0,78,0,0.206737
174,25.0,6,0,1,-15.0,4,10.0,15.0,8.0,66,0,0.208443
175,22.0,6,0,1,-16.0,2,8.0,15.0,8.0,86,0,0.201571
176,16.0,5,0,2,-22.0,3,9.0,14.0,8.0,70,0,0.207318
177,9.0,7,0,2,-18.0,1,2.0,8.0,8.0,66,0,0.201273
178,8.0,7,0,2,-19.0,0,0.0,10.0,8.0,62,0,0.208487
179,8.0,6,0,2,-20.0,1,1.0,11.0,8.0,78,0,0.2081
180,7.0,6,0,2,-20.0,1,1.0,10.0,8.0,78,0,0.207566
181,11.0,6,0,2,-17.0,1,1.0,11.0,8.0,90,0,0.204035
182,7.0,6,0,1,-20.0,0,0.0,12.0,8.0,90,0,0.201171
183,4.0,5,0,1,-23.0,0,0.0,13.0,8.0,106,0,0.204133
184,6.0,4,0,1,-23.0,2,3.0,13.0,8.0,82,0,0.209233
185,12.0,5,0,1,-18.0,2,4.0,12.0,8.0,74,0,0.214719
186,10.0,5,0,1,-20.0,1,3.0,13.0,8.0,86,0,0.204725
187,9.0,5,0,2,-21.0,1,1.0,14.0,8.0,78,0,0.204285
188,16.0,5,0,3,-16.0,2,6.0,10.0,8.0,78,0,0.202445
189,12.0,6,0,3,-17.0,0,0.0,12.0,8.0,86,0,0.203534
190,15.0,5,0,1,-16.0,3,9.0,8.0,8.0,66,0,0.203824
191,22.0,7,0,0,-14.0,3,9.0,12.0,8.0,62,0,0.208468
192,22.0,8,0,0,-14.0,2,8.0,12.0,8.0,66,0,0.217306
193,19.0,8,0,0,-15.0,1,6.0,12.0,8.0,70,0,0.20108
194,17.0,7,0,0,-16.0,1,6.0,12.0,8.0,66,0,0.212868
195,16.0,6,0,1,-18.0,1,6.0,13.0,8.0,86,0,0.200161
196,17.0,5,0,2,-18.0,3,8.0,12.0,8.0,54,0,0.21495
197,19.0,5,0,3,-18.0,3,9.0,12.0,8.0,102,0,0.20021
198,15.0,7,0,2,-14.0,2,4.0,8.0,8.0,54,0,0.20062
199,14.0,8,0,3,-15.0,1,2.0,8.0,8.0,74,0,0.209222
200,18.0,8,0,1,-13.0,2,4.0,10.0,8.0,58,0,0.200472
201,19.0,9,0,2,-12.0,1,4.0,8.0,8.0,66,0,0.207122
202,16.0,9,0,2,-15.0,0,0.0,12.0,8.0,62,0,0.201846
203,17.0,8,0,1,-14.0,1,1.0,13.0,8.0,58,0,0.220213
204,17.0,7,0,1,-16.0,2,3.0,14.0,8.0,66,0,0.200672
205,16.0,8,0,2,-14.0,0,0.0,12.0,8.0,50,0,0.203
206,12.0,7,0,1,-14.0,0,0.0,10.0,8.0,82,0,0.207785
207,16.0,6,0,2,-15.0,3,3.0,12.0,8.0,66,0,0.206558
208,18.0,7,0,3,-14.0,1,2.0,12.0,8.0,78,0,0.206949
209,15.0,7,0,3,-16.0,0,0.0,13.0,8.0,82,0,0.207296
210,12.0,6,0,1,-15.0,2,2.0,10.0,8.0,82,0,0.208469
211,18.0,6,0,3,-16.0,1,2.0,15.0,8.0,86,0,0.206057
212,16.0,6,0,2,-18.0,1,3.0,15.0,8.0,58,0,0.20072
213,14.0,5,0,2,-19.0,2,4.0,14.0,8.0,82,0,0.20768
214,14.0,6,0,4,-17.0,0,0.0,13.0,8.0,70,0,0.207373
215,12.0,5,0,3,-18.0,1,1.0,13.0,8.0,102,0,0.202076
216,13.0,5,0,4,-18.0,1,1.0,13.0,8.0,86,0,0.201089
217,8.0,5,0,1,-18.0,2,4.0,8.0,8.0,70,0,0.203655
218,9.0,6,0,2,-20.0,2,6.0,7.0,8.0,70,0,0.202058
219,10.0,6,0,1,-22.0,2,5.0,12.0,8.0,74,0,0.20153
220,14.0,6,0,1,-17.0,1,4.0,12.0,8.0,82,0,0.207224
221,11.0,6,0,1,-21.0,2,6.0,11.0,8.0,66,0,0.214132
222,21.0,7,0,1,-13.0,2,4.0,14.0,8.0,74,0,0.211469
223,17.0,7,0,2,-14.0,0,0.0,14.0,8.0,70,0,0.208023
224,13.0,6,0,2,-15.0,2,2.0,10.0,8.0,78,0,0.203935
225,15.0,6,0,2,-18.0,1,2.0,15.0,8.0,74,0,0.206436
226,15.0,5,0,1,-18.0,3,4.0,15.0,8.0,78,0,0.204123
227,16.0,5,0,3,-18.0,2,4.0,14.0,8.0,86,0,0.201832
228,15.0,5,0,2,-18.0,2,2.0,16.0,8.0,86,0,0.200829
229,12.0,5,0,2,-20.0,1,2.0,15.0,8.0,106,0,0.207367
230,15.0,5,0,3,-20.0,2,4.0,15.0,8.0,70,0,0.20483
231,9.0,6,0,3,-22.0,0,0.0,14.0,8.0,86,0,0.209189
232,7.0,5,0,3,-24.0,1,1.0,14.0,8.0,90,0,0.203855
233,10.0,5,0,3,-22.0,1,2.0,14.0,8.0,98,0,0.203646
234,9.0,5,0,2,-22.0,1,3.0,13.0,8.0,78,0,0.208355
235,13.0,5,0,2,-22.0,2,5.0,15.0,8.0,74,0,0.213164
236,15.0,6,0,1,-20.0,2,4.0,16.0,8.0,78,0,0.200184
237,11.0,6,0,2,-20.0,0,0.0,15.0,8.0,70,0,0.214948
238,12.0,5,0,3,-20.0,1,1.0,15.0,8.0,102,0,0.207536
239,8.0,5,0,2,-23.0,1,1.0,15.0,8.0,74,0,0.207682
240,10.0,5,0,2,-22.0,1,2.0,15.0,8.0,98,0,0.201724
241,15.0,5,0,1,-19.0,2,4.0,16.0,8.0,70,0,0.200173
242,17.0,5,0,2,-18.0,2,5.0,15.0,8.0,86,0,0.202464
243,13.0,5,0,2,-20.0,1,3.0,15.0,8.0,82,0,0.203074
244,12.0,5,0,3,-21.0,1,1.0,16.0,8.0,86,0,0.204234
245,11.0,5,0,2,-20.0,1,1.0,15.0,8.0,86,0,0.200582
246,8.0,5,0,3,-23.0,0,0.0,15.0,8.0,98,0,0.20088
247,8.0,4,0,1,-20.0,2,6.0,9.0,8.0,86,0,0.209234
248,7.0,3,0,3,-23.0,1,1.0,15.0,8.0,102,0,0.209504
249,5.0,3,0,2,-26.0,2,4.0,14.0,8.0,114,0,0.200631
250,7.0,3,0,2,-25.0,2,4.0,15.0,8.0,66,0,0.210272
251,18.0,4,0,1,-20.0,4,11.0,14.0,8.0,90,0,0.206751
252,14.0,6,0,2,-18.0,0,0.0,16.0,8.0,78,0,0.208396
253,9.0,5,0,2,-22.0,0,0.0,16.0,8.0,106,0,0.203654
254,8.0,4,0,3,-24.0,0,0.0,17.0,8.0,118,0,0.201692
255,6.0,3,0,4,-25.0,1,1.0,15.0,8.0,138,0,0.200576
256,6.0,3,0,5,-25.0,0,0.0,15.0,8.0,154,0,0.203787
257,2.0,2,0,2,-24.0,2,3.0,11.0,8.0,98,0,0.207959
258,1.0,3,0,2,-27.0,2,5.0,10.0,8.0,98,0,0.202585
259,5.0,4,0,1,-24.0,1,4.0,12.0,8.0,90,0,0.205181
260,9.0,4,0,2,-22.0,2,6.0,11.0,8.0,98,0,0.201812
261,11.0,4,0,2,-21.0,2,7.0,11.0,8.0,78,0,0.203104
262,2.0,4,0,2,-28.0,1,5.0,11.0,8.0,102,0,0.204135
263,4.0,4,0,2,-26.0,2,2.0,14.0,8.0,98,0,0.203976
264,8.0,4,0,2,-24.0,1,3.0,15.0,8.0,102,0,0.201752
265,6.0,4,0,3,-23.0,1,1.0,13.0,8.0,114,0,0.200938
266,6.0,4,0,3,-24.0,1,2.0,13.0,8.0,98,0,0.206179
267,8.0,3,0,2,-23.0,3,4.0,14.0,8.0,110,0,0.206251
268,8.0,3,0,2,-24.0,3,5.0,14.0,8.0,82,0,0.201561
269,7.0,4,0,3,-23.0,1,2.0,13.0,8.0,118,0,0.205584
270,9.0,4,0,4,-24.0,2,4.0,13.0,8.0,90,0,0.20798
271,8.0,4,0,3,-24.0,1,3.0,14.0,8.0,106,0,0.203381
272,7.0,3,0,3,-25.0,2,4.0,14.0,8.0,106,0,0.202453
273,10.0,3,0,3,-24.0,2,5.0,15.0,8.0,110,0,0.200682
274,2.0,4,0,5,-27.0,0,0.0,12.0,8.0,118,0,0.205433
275,7.0,3,0,3,-23.0,4,7.0,9.0,8.0,90,0,0.207629
276,11.0,5,0,2,-20.0,1,5.0,11.0,8.0,106,0,0.202518
277,16.0,5,0,3,-20.0,2,12.0,8.0,8.0,70,0,0.202741
278,12.0,5,0,2,-22.0,2,8.0,11.0,8.0,70,0,0.203121
279,20.0,5,0,0,-20.0,4,12.0,15.0,8.0,74,0,0.20283
280,20.0,8,0,1,-14.0,1,3.0,13.0,9.0,66,0,0.211196
281,18.0,7,0,1,-13.0,1,3.0,11.0,9.0,66,0,0.200839
282,14.0,6,0,1,-16.0,1,3.0,11.0,9.0,82,0,0.210481
283,17.0,6,0,1,-14.0,2,2.0,13.0,9.0,78,0,0.201378
284,16.0,6,0,1,-15.0,1,2.0,13.0,9.0,78,0,0.202912
285,19.0,6,0,1,-17.0,3,5.0,15.0,9.0,70,0,0.205785
286,18.0,6,0,1,-18.0,2,5.0,15.0,9.0,54,0,0.201385
287,18.0,6,0,1,-15.0,2,4.0,13.0,9.0,74,0,0.210917
288,11.0,7,0,1,-20.0,1,2.0,12.0,9.0,74,0,0.210017
289,11.0,7,0,2,-19.0,0,0.0,12.0,9.0,82,0,0.207354
290,16.0,6,0,1,-16.0,4,9.0,7.0,9.0,62,0,0.208396
291,15.0,9,0,2,-14.0,0,0.0,9.0,9.0,54,0,0.202352
292,15.0,8,0,1,-17.0,0,0.0,14.0,9.0,70,0,0.202755
293,10.0,7,0,2,-21.0,0,0.0,13.0,9.0,70,0,0.210074
294,9.0,6,0,3,-22.0,0,0.0,13.0,9.0,86,0,0.203851
295,9.0,5,0,3,-22.0,1,1.0,13.0,9.0,98,0,0.203772
296,11.0,5,0,2,-22.0,2,4.0,13.0,9.0,86,0,0.2015
297,11.0,5,0,2,-19.0,0,0.0,14.0,9.0,110,0,0.201472
298,2.0,4,0,1,-23.0,1,1.0,10.0,9.0,78,0,0.202956
299,8.0,4,0,1,-21.0,3,5.0,10.0,9.0,78,0,0.201001
300,9.0,4,0,3,-16.0,2,2.0,7.0,9.0,74,0,0.208705
301,11.0,4,0,3,-16.0,2,3.0,8.0,9.0,98,0,0.202309
302,10.0,4,0,3,-16.0,1,2.0,8.0,9.0,62,0,0.203623
303,4.0,4,0,3,-21.0,1,1.0,8.0,9.0,90,0,0.209266
304,10.0,4,0,3,-19.0,2,4.0,9.0,9.0,102,0,0.20657
305,16.0,4,0,2,-15.0,3,8.0,8.0,9.0,66,0,0.208974
306,16.0,5,0,3,-16.0,2,7.0,8.0,9.0,94,0,0.207811
307,9.0,6,0,1,-23.0,1,5.0,11.0,9.0,70,0,0.206971
308,13.0,6,0,0,-24.0,2,7.0,15.0,9.0,90,0,0.207981
309,14.0,5,0,0,-24.0,4,9.0,15.0,9.0,90,0,0.208536
310,13.0,5,0,0,-24.0,3,8.0,15.0,9.0,90,0,0.202541
311,17.0,5,0,0,-22.0,4,10.0,15.0,9.0,102,0,0.206976
312,16.0,8,0,2,-16.0,0,0.0,13.0,9.0,58,0,0.201567
313,-2.0,7,0,1,-20.0,0,0.0,10.0,0.0,86,0,0.203411
314,5.0,6,0,2,-22.0,0,0.0,10.0,9.0,54,0,0.202871
315,6.0,5,0,1,-21.0,2,2.0,10.0,9.0,90,0,0.208259
316,14.0,5,0,3,-17.0,2,3.0,11.0,9.0,94,0,0.207446
317,18.0,6,0,1,-17.0,2,6.0,13.0,9.0,78,0,0.203292
318,13.0,6,0,2,-22.0,1,4.0,14.0,9.0,78,0,0.209256
319,16.0,5,0,2,-19.0,2,5.0,14.0,9.0,82,0,0.203381
320,7.0,4,0,1,-26.0,2,5.0,14.0,9.0,98,0,0.206387
321,11.0,4,0,1,-24.0,3,7.0,14.0,9.0,82,0,0.205208
322,16.0,5,0,1,-20.0,2,6.0,15.0,9.0,86,0,0.200446
323,14.0,5,0,1,-20.0,2,5.0,14.0,9.0,62,0,0.206607
324,13.0,5,0,1,-20.0,1,4.0,14.0,9.0,86,0,0.205217
325,7.0,4,0,2,-26.0,1,4.0,14.0,9.0,90,0,0.203419
326,14.0,3,0,3,-20.0,3,6.0,13.0,9.0,102,0,0.207883
327,9.0,3,0,3,-25.0,2,5.0,14.0,9.0,98,0,0.20024
328,9.0,2,0,3,-25.0,3,6.0,14.0,9.0,98,0,0.20936
329,10.0,2,0,3,-26.0,3,7.0,15.0,9.0,102,0,0.205189
330,16.0,2,0,2,-24.0,5,12.0,15.0,9.0,78,0,0.201391
331,6.0,3,0,2,-26.0,2,5.0,13.0,9.0,118,0,0.206929
332,12.0,3,0,2,-24.0,4,9.0,13.0,9.0,82,0,0.203429
333,14.0,4,0,2,-22.0,2,7.0,14.0,9.0,86,0,0.203418
334,17.0,3,0,4,-19.0,2,7.0,13.0,9.0,102,0,0.206447
335,4.0,4,0,3,-26.0,1,2.0,12.0,9.0,118,0,0.204505
336,6.0,4,0,2,-26.0,3,5.0,12.0,9.0,82,0,0.208996
337,11.0,5,0,2,-24.0,2,5.0,14.0,9.0,90,0,0.207731
338,11.0,5,0,2,-23.0,1,4.0,14.0,9.0,90,0,0.209379
339,5.0,4,0,2,-28.0,1,4.0,14.0,9.0,90,0,0.20092
340,13.0,4,0,0,-24.0,3,7.0,17.0,9.0,102,0,0.206449
341,6.0,4,0,1,-30.0,1,5.0,17.0,9.0,90,0,0.204169
342,8.0,3,0,0,-27.0,3,7.0,16.0,9.0,114,0,0.204171
343,6.0,4,0,1,-24.0,2,4.0,12.0,9.0,70,0,0.206505
344,1.0,4,0,0,-26.0,2,2.0,12.0,9.0,90,0,0.204897
345,3.0,4,0,2,-25.0,1,1.0,12.0,9.0,102,0,0.20499
346,5.0,4,0,1,-24.0,2,4.0,11.0,9.0,90,0,0.206718
347,3.0,4,0,2,-26.0,1,3.0,11.0,9.0,90,0,0.200926
348,-5.0,3,0,2,-26.0,3,4.0,12.0,0.0,82,0,0.204854
349,3.0,3,0,2,-27.0,2,4.0,12.0,9.0,102,0,0.205686
350,-6.0,4,0,1,-28.0,1,1.0,7.0,9.0,94,0,0.200463
351,-4.0,4,0,0,-28.0,1,2.0,9.0,9.0,102,0,0.205836
352,1.0,4,0,1,-25.0,2,3.0,9.0,9.0,90,0,0.205905
353,7.0,5,0,1,-23.0,1,4.0,11.0,9.0,94,0,0.204748
354,3.0,5,0,2,-25.0,1,1.0,11.0,9.0,86,0,0.203168
355,3.0,5,0,1,-24.0,0,0.0,12.0,9.0,94,0,0.201178
356,2.0,4,0,2,-25.0,1,1.0,11.0,9.0,86,0,0.203033
357,0.0,4,0,1,-29.0,2,4.0,11.0,9.0,98,0,0.200204
358,-1.0,4,0,1,-30.0,1,3.0,12.0,9.0,118,0,0.20556
359,-2.0,4,0,1,-31.0,2,2.0,13.0,9.0,94,0,0.200318
360,-2.0,4,0,1,-30.0,1,1.0,13.0,9.0,118,0,0.207274
361,6.0,4,0,1,-25.0,2,4.0,13.0,9.0,82,0,0.200214
362,-3.0,4,0,3,-30.0,0,0.0,11.0,9.0,114,0,0.202189
363,-3.0,3,0,2,-31.0,1,2.0,12.0,9.0,118,0,0.20488
364,-5.0,3,0,2,-31.0,1,1.0,11.0,9.0,142,0,0.205348
365,-3.0,3,0,3,-30.0,1,1.0,11.0,9.0,122,0,0.205564
366,-1.0,3,0,3,-29.0,1,2.0,11.0,9.0,138,0,0.201326
367,-4.0,3,0,3,-30.0,0,0.0,11.0,9.0,150,0,0.205269
368,-3.0,2,0,3,-31.0,2,2.0,12.0,9.0,142,0,0.202042
369,-5.0,2,0,1,-32.0,2,5.0,10.0,9.0,122,0,0.202961
370,-7.0,3,0,2,-32.0,1,3.0,8.0,9.0,134,0,0.203268
371,0.0,3,0,1,-30.0,4,10.0,7.0,9.0,98,0,0.206681
372,-1.0,4,0,0,-29.0,2,6.0,9.0,9.0,94,0,0.202875
373,0.0,5,0,0,-32.0,2,8.0,10.0,9.0,86,0,0.200775
374,0.0,5,0,0,-28.0,2,8.0,6.0,9.0,74,0,0.204996
375,6.0,6,0,1,-22.0,1,2.0,10.0,9.0,82,0,0.20402
376,5.0,5,0,0,-21.0,2,3.0,9.0,9.0,78,0,0.205135
377,6.0,6,0,0,-20.0,1,1.0,10.0,9.0,70,0,0.216452
378,8.0,6,0,0,-20.0,1,2.0,11.0,9.0,82,0,0.205777
379,7.0,6,0,1,-20.0,1,1.0,10.0,9.0,74,0,0.206773
380,7.0,6,0,0,-20.0,1,2.0,10.0,9.0,74,0,0.204097
381,13.0,6,0,0,-19.0,2,6.0,11.0,9.0,78,0,0.20422
382,7.0,6,0,0,-23.0,1,4.0,11.0,9.0,90,0,0.203282
383,7.0,6,0,1,-22.0,1,1.0,12.0,9.0,94,0,0.209161
384,7.0,6,0,1,-25.0,1,2.0,14.0,9.0,74,0,0.207346
385,6.0,5,0,1,-26.0,2,3.0,14.0,9.0,86,0,0.200876
386,8.0,5,0,1,-26.0,2,4.0,15.0,9.0,70,0,0.200767
387,1.0,5,0,0,-27.0,0,0.0,14.0,9.0,110,0,0.207373
388,-1.0,4,0,0,-28.0,0,0.0,14.0,9.0,86,0,0.201985
389,5.0,3,0,1,-25.0,1,1.0,16.0,9.0,138,0,0.203758
390,8.0,3,0,1,-26.0,3,5.0,16.0,9.0,106,0,0.208263
391,8.0,4,0,1,-24.0,2,4.0,14.0,9.0,114,0,0.200027
392,3.0,5,0,1,-26.0,0,0.0,14.0,9.0,98,0,0.201183
393,4.0,4,0,1,-26.0,1,1.0,15.0,9.0,106,0,0.203506
394,5.0,4,0,1,-26.0,1,2.0,15.0,9.0,102,0,0.201859
395,1.0,3,0,0,-27.0,2,3.0,13.0,9.0,70,0,0.206242
396,-1.0,4,0,2,-24.0,0,0.0,8.0,9.0,122,0,0.203026
397,-1.0,3,0,1,-24.0,2,2.0,8.0,9.0,90,0,0.202502
398,3.0,3,0,2,-24.0,2,4.0,9.0,9.0,106,0,0.200419
399,3.0,3,0,1,-26.0,2,6.0,10.0,9.0,94,0,0.202881
400,3.0,3,0,2,-26.0,2,5.0,10.0,9.0,142,0,0.203567
401,17.0,4,0,1,-19.0,4,11.0,11.0,9.0,90,0,0.209259
402,25.0,5,0,2,-17.0,4,13.0,13.0,9.0,78,0,0.206585
403,23.0,5,0,2,-20.0,4,14.0,13.0,9.0,90,0,0.205092
404,21.0,5,0,2,-18.0,4,10.0,13.0,9.0,90,0,0.20206
405,18.0,5,0,2,-19.0,2,8.0,13.0,9.0,102,0,0.207198
406,18.0,4,0,2,-20.0,3,9.0,14.0,9.0,86,0,0.207377
407,21.0,4,0,2,-19.0,4,11.0,14.0,9.0,86,0,0.200532
408,19.0,5,0,3,-19.0,2,8.0,13.0,9.0,74,0,0.204494
409,16.0,6,0,2,-20.0,2,4.0,15.0,9.0,82,0,0.207278
410,19.0,6,0,1,-19.0,2,5.0,17.0,9.0,58,0,0.206456
411,22.0,6,0,1,-18.0,3,7.0,17.0,9.0,74,0,0.206376
412,21.0,7,0,2,-18.0,1,4.0,17.0,9.0,82,0,0.201283
413,14.0,7,0,4,-20.0,0,0.0,14.0,9.0,82,0,0.203235
414,-5.0,6,0,0,-20.0,2,2.0,7.0,0.0,70,0,0.201713
415,12.0,6,0,4,-22.0,0,0.0,15.0,9.0,82,0,0.208304
416,5.0,5,0,1,-18.0,0,0.0,8.0,9.0,114,0,0.205212
417,9.0,4,0,4,-24.0,1,1.0,15.0,9.0,82,0,0.202432
418,14.0,4,0,3,-22.0,3,6.0,14.0,9.0,74,0,0.205917
419,16.0,5,0,2,-20.0,3,7.0,13.0,9.0,78,0,0.200767
420,14.0,6,0,3,-19.0,0,0.0,15.0,9.0,78,0,0.200826
421,13.0,5,0,3,-20.0,1,1.0,15.0,9.0,90,0,0.205039
422,18.0,5,0,3,-18.0,2,3.0,16.0,9.0,86,0,0.200665
423,15.0,5,0,4,-20.0,1,2.0,15.0,9.0,98,0,0.205338
424,14.0,5,0,4,-20.0,1,1.0,15.0,9.0,66,0,0.203913
425,13.0,5,0,4,-20.0,0,0.0,15.0,9.0,98,0,0.201354
426,8.0,4,0,1,-22.0,2,6.0,10.0,9.0,54,0,0.20135
427,8.0,5,0,1,-24.0,2,8.0,9.0,9.0,66,0,0.202514
428,14.0,4,0,1,-20.0,5,11.0,9.0,9.0,58,0,0.211776
429,9.0,4,0,2,-26.0,2,8.0,12.0,9.0,66,0,0.202418
430,10.0,3,0,1,-25.0,4,10.0,12.0,9.0,66,0,0.201945
431,8.0,3,0,3,-26.0,2,8.0,11.0,9.0,82,0,0.20934
432,10.0,2,0,2,-24.0,5,12.0,9.0,9.0,54,0,0.213236
433,10.0,6,0,2,-20.0,1,2.0,11.0,9.0,74,0,0.203959
434,5.0,5,0,1,-24.0,0,0.0,14.0,9.0,86,0,0.209151
435,4.0,4,0,1,-24.0,0,0.0,14.0,9.0,114,0,0.200762
436,1.0,3,0,2,-26.0,0,0.0,13.0,9.0,134,0,0.202388
437,3.0,2,0,2,-27.0,2,2.0,15.0,9.0,94,0,0.204882
438,4.0,2,0,3,-26.0,2,3.0,13.0,9.0,118,0,0.200788
439,6.0,2,0,3,-25.0,2,4.0,13.0,9.0,138,0,0.204674
440,6.0,2,0,2,-26.0,3,7.0,12.0,9.0,130,0,0.205581
441,5.0,3,0,3,-26.0,2,4.0,12.0,9.0,118,0,0.205315
442,5.0,3,0,4,-26.0,2,3.0,12.0,9.0,78,0,0.205465
443,8.0,3,0,4,-24.0,2,4.0,12.0,9.0,118,0,0.207035
444,7.0,3,0,3,-23.0,2,4.0,11.0,9.0,106,0,0.201467
445,12.0,3,0,3,-22.0,3,7.0,12.0,9.0,106,1,0.200646
446,10.0,4,0,5,-22.0,1,3.0,11.0,9.0,118,0,0.206134
447,17.0,4,0,1,-22.0,4,15.0,10.0,9.0,74,0,0.208325
448,11.0,7,0,1,-22.0,1,2.0,14.0,9.0,78,0,0.201413
449,17.0,7,0,1,-15.0,1,1.0,14.0,9.0,70,0,0.214728
450,12.0,6,0,3,-20.0,1,1.0,13.0,9.0,90,0,0.205055
451,10.0,6,0,3,-22.0,0,0.0,14.0,9.0,62,0,0.200811
452,9.0,5,0,3,-23.0,1,1.0,14.0,9.0,102,0,0.206673
453,12.0,5,0,3,-22.0,2,3.0,14.0,9.0,90,0,0.20109
454,15.0,6,0,1,-20.0,1,3.0,16.0,9.0,78,0,0.205945
455,16.0,5,0,1,-18.0,2,4.0,15.0,9.0,82,0,0.206414
456,14.0,6,0,3,-20.0,1,2.0,14.0,9.0,86,0,0.201014
457,17.0,6,0,2,-16.0,0,0.0,16.0,9.0,90,0,0.202442
458,13.0,5,0,3,-21.0,1,2.0,15.0,9.0,106,0,0.205303
459,16.0,5,0,3,-16.0,1,1.0,14.0,9.0,106,0,0.205272
460,19.0,5,0,3,-15.0,1,2.0,15.0,9.0,70,0,0.203153
461,18.0,5,0,2,-16.0,1,3.0,15.0,9.0,70,0,0.212897
462,20.0,5,0,2,-16.0,2,5.0,15.0,9.0,74,0,0.2108
463,21.0,5,0,2,-20.0,3,11.0,14.0,9.0,62,0,0.202588
464,14.0,6,0,2,-19.0,0,0.0,16.0,9.0,86,0,0.205991
465,15.0,5,0,3,-20.0,1,1.0,17.0,9.0,86,0,0.203462
466,13.0,5,0,3,-20.0,0,0.0,16.0,9.0,110,0,0.202338
467,9.0,4,0,2,-22.0,2,3.0,13.0,9.0,98,0,0.203093
468,15.0,4,0,3,-23.0,3,5.0,17.0,9.0,78,0,0.200226
469,17.0,5,0,2,-19.0,1,2.0,18.0,9.0,106,0,0.20721
470,14.0,5,0,3,-24.0,1,3.0,18.0,9.0,66,0,0.208977
471,15.0,4,0,2,-24.0,3,5.0,19.0,9.0,90,0,0.209518
472,14.0,4,0,3,-24.0,2,4.0,18.0,9.0,90,0,0.200028
473,16.0,4,0,2,-23.0,2,5.0,19.0,9.0,82,0,0.209473
474,15.0,3,0,3,-24.0,2,5.0,19.0,9.0,90,0,0.202083
475,13.0,4,0,3,-23.0,2,4.0,16.0,9.0,78,0,0.200441
476,12.0,5,0,2,-23.0,1,2.0,17.0,9.0,86,0,0.201407
477,12.0,5,0,3,-23.0,1,1.0,17.0,9.0,78,0,0.205007
478,11.0,5,0,3,-23.0,0,0.0,17.0,9.0,102,0,0.204991
479,13.0,4,0,4,-24.0,2,3.0,17.0,9.0,78,0,0.200747
480,19.0,4,0,3,-19.0,3,8.0,14.0,9.0,90,0,0.211916
481,17.0,5,0,3,-18.0,1,3.0,15.0,9.0,90,0,0.2077
482,17.0,5,0,2,-16.0,2,2.0,15.0,9.0,90,0,0.200601
483,13.0,5,0,3,-20.0,1,2.0,14.0,9.0,94,0,0.203901
484,14.0,5,0,4,-18.0,0,0.0,14.0,9.0,110,0,0.206153
485,7.0,4,0,4,-22.0,1,1.0,11.0,9.0,114,0,0.201932
486,13.0,4,0,4,-19.0,0,0.0,15.0,9.0,122,0,0.208607
487,8.0,3,0,3,-24.0,1,1.0,16.0,9.0,122,0,0.201093
488,10.0,3,0,4,-23.0,1,2.0,15.0,9.0,118,0,0.20541
489,12.0,3,0,3,-22.0,1,3.0,16.0,9.0,134,0,0.203253
490,7.0,2,0,4,-27.0,1,3.0,16.0,9.0,114,0,0.20439
491,8.0,1,0,4,-27.0,3,5.0,16.0,9.0,178,0,0.201645
492,7.0,1,0,3,-27.0,2,4.0,17.0,9.0,134,0,0.200593
493,9.0,1,0,4,-26.0,2,5.0,16.0,9.0,210,0,0.202206
494,2.0,2,0,3,-29.0,0,0.0,17.0,9.0,178,2,0.200228
495,4.0,1,0,4,-29.0,2,2.0,17.0,9.0,178,0,0.20292
496,3.0,1,0,4,-30.0,1,2.0,17.0,9.0,182,0,0.200569
497,4.0,1,0,2,-30.0,3,5.0,17.0,9.0,106,0,0.200174
498,10.0,2,0,3,-28.0,3,9.0,15.0,9.0,138,0,0.204385
499,8.0,3,0,4,-26.0,1,1.0,17.0,9.0,86,3,0.200852
500,6.0,3,0,4,-28.0,1,2.0,16.0,9.0,138,0,0.200253
501,10.0,3,0,2,-24.0,1,5.0,15.0,9.0,78,0,0.203988
502,14.0,3,0,3,-24.0,2,7.0,16.0,9.0,138,0,0.204147
503,9.0,4,0,4,-26.0,1,1.0,17.0,9.0,94,0,0.202667
504,14.0,4,0,2,-22.0,3,11.0,10.0,9.0,90,0,0.201853
505,18.0,5,0,2,-22.0,2,10.0,14.0,9.0,94,0,0.204991
506,23.0,6,0,0,-18.0,3,13.0,13.0,9.0,74,0,0.210556
507,25.0,6,0,2,-18.0,4,15.0,11.0,9.0,58,0,0.210324
508,25.0,6,0,1,-18.0,4,15.0,12.0,9.0,74,0,0.208273
509,22.0,6,0,2,-19.0,2,13.0,11.0,9.0,86,0,0.205855
510,21.0,5,0,3,-20.0,2,13.0,11.0,9.0,98,0,0.204024
511,18.0,4,0,2,-22.0,3,14.0,11.0,9.0,94,0,0.206938
512,23.0,4,0,2,-20.0,4,17.0,11.0,9.0,90,0,0.205548
513,22.0,4,0,2,-20.0,4,17.0,10.0,9.0,62,0,0.20108
514,25.0,5,0,2,-18.0,3,15.0,12.0,9.0,90,0,0.207866
515,19.0,5,0,3,-22.0,2,13.0,11.0,9.0,70,0,0.206545
516,11.0,6,0,4,-19.0,1,1.0,9.0,10.0,82,0,0.209543
517,12.0,6,0,5,-18.0,0,0.0,9.0,10.0,90,0,0.206069
518,14.0,5,0,1,-15.0,2,7.0,6.0,10.0,82,0,0.209809
519,16.0,4,0,1,-15.0,4,9.0,7.0,10.0,78,0,0.203927
520,13.0,4,0,1,-16.0,2,7.0,7.0,10.0,90,0,0.202208
521,12.0,5,0,0,-18.0,3,6.0,9.0,10.0,90,0,0.207707
522,8.0,5,0,0,-22.0,2,5.0,10.0,10.0,82,0,0.209107
523,8.0,6,0,2,-20.0,1,1.0,9.0,10.0,70,0,0.210288
524,11.0,6,0,2,-20.0,3,4.0,9.0,10.0,46,0,0.204974
525,15.0,6,0,1,-16.0,1,4.0,10.0,10.0,78,0,0.202766
526,11.0,6,0,2,-21.0,1,2.0,12.0,10.0,90,0,0.209202
527,20.0,6,0,3,-16.0,3,5.0,12.0,10.0,70,0,0.207274
528,21.0,6,0,2,-15.0,3,6.0,12.0,10.0,70,0,0.208971
529,14.0,5,0,2,-22.0,3,6.0,13.0,10.0,66,0,0.207764
530,20.0,5,0,3,-16.0,3,6.0,12.0,10.0,78,0,0.210196
531,14.0,7,0,3,-17.0,0,0.0,11.0,10.0,78,0,0.200677
532,10.0,6,0,2,-18.0,1,1.0,9.0,10.0,70,0,0.204882
533,14.0,6,0,2,-17.0,2,4.0,9.0,10.0,70,0,0.207207
534,9.0,6,0,2,-22.0,0,0.0,13.0,10.0,94,0,0.201837
535,8.0,5,0,2,-24.0,1,1.0,14.0,10.0,94,0,0.2077
536,7.0,5,0,2,-24.0,0,0.0,14.0,10.0,106,0,0.212799
537,6.0,4,0,2,-25.0,1,1.0,14.0,10.0,94,0,0.207844
538,5.0,4,0,2,-26.0,1,2.0,13.0,10.0,78,0,0.209999
539,7.0,4,0,1,-26.0,2,4.0,14.0,10.0,102,0,0.205719
540,7.0,4,0,2,-26.0,2,5.0,12.0,10.0,70,0,0.201112
541,8.0,4,0,2,-25.0,3,6.0,11.0,10.0,94,0,0.200676
542,3.0,5,0,1,-28.0,1,2.0,13.0,10.0,86,0,0.2026
543,8.0,4,0,2,-24.0,2,3.0,13.0,10.0,82,0,0.213869
544,15.0,5,0,1,-20.0,3,6.0,13.0,10.0,106,0,0.206854
545,18.0,7,0,1,-16.0,0,0.0,16.0,10.0,62,0,0.212932
546,9.0,6,0,2,-24.0,0,0.0,15.0,10.0,90,0,0.208185
547,10.0,5,0,1,-24.0,2,2.0,16.0,10.0,78,0,0.20921
548,9.0,5,0,1,-25.0,1,2.0,16.0,10.0,106,0,0.206591
549,13.0,5,0,3,-21.0,2,2.0,14.0,10.0,86,0,0.209056
550,14.0,5,0,4,-20.0,1,1.0,14.0,10.0,106,0,0.207098
551,8.0,5,0,1,-23.0,2,7.0,8.0,10.0,70,0,0.206077
552,19.0,6,0,0,-20.0,3,12.0,11.0,10.0,70,0,0.200077
553,11.0,6,0,2,-24.0,1,6.0,11.0,10.0,82,0,0.206895
554,9.0,6,0,1,-20.0,3,3.0,9.0,10.0,66,0,0.217395
555,10.0,7,0,3,-19.0,0,0.0,9.0,10.0,78,0,0.2091
556,6.0,6,0,1,-21.0,1,1.0,9.0,10.0,62,0,0.209657
557,7.0,5,0,1,-22.0,2,3.0,10.0,10.0,90,0,0.202557
558,13.0,5,0,1,-17.0,3,5.0,9.0,10.0,78,0,0.205776
559,12.0,6,0,0,-20.0,3,7.0,9.0,10.0,90,0,0.206356
560,16.0,8,0,2,-16.0,0,0.0,12.0,10.0,70,0,0.203679
561,15.0,7,0,3,-18.0,0,0.0,13.0,10.0,78,0,0.204427
562,12.0,6,0,4,-19.0,0,0.0,11.0,10.0,82,0,0.208581
563,12.0,5,0,4,-20.0,1,1.0,12.0,10.0,78,0,0.205283
564,12.0,5,0,3,-20.0,1,2.0,12.0,10.0,78,0,0.201045
565,13.0,5,0,5,-20.0,2,2.0,11.0,10.0,66,0,0.206387
566,14.0,5,0,4,-19.0,2,2.0,12.0,10.0,58,0,0.212723
567,14.0,5,0,5,-18.0,1,1.0,11.0,10.0,78,0,0.202569
568,16.0,5,0,4,-18.0,2,4.0,11.0,10.0,66,0,0.205917
569,9.0,5,0,1,-21.0,2,5.0,9.0,10.0,82,0,0.209255
570,11.0,5,0,0,-20.0,3,7.0,9.0,10.0,78,0,0.200652
571,8.0,5,0,2,-24.0,2,5.0,10.0,10.0,86,0,0.201527
572,10.0,5,0,2,-23.0,2,5.0,11.0,10.0,90,0,0.206863
573,9.0,5,0,2,-22.0,1,4.0,10.0,10.0,90,0,0.208478
574,8.0,4,0,2,-24.0,2,5.0,11.0,10.0,102,0,0.207911
575,11.0,4,0,1,-23.0,3,8.0,11.0,10.0,70,0,0.20175
576,10.0,4,0,2,-24.0,2,7.0,11.0,10.0,90,0,0.207032
577,12.0,3,0,3,-24.0,4,9.0,11.0,10.0,58,0,0.20865
578,11.0,3,0,1,-24.0,3,9.0,12.0,10.0,94,0,0.20815
579,1.0,5,0,2,-28.0,0,0.0,12.0,10.0,82,0,0.201432
580,3.0,4,0,1,-26.0,2,2.0,12.0,10.0,102,0,0.204204
581,0.0,4,0,1,-28.0,1,1.0,12.0,10.0,118,0,0.200131
582,4.0,4,0,3,-27.0,0,0.0,14.0,10.0,122,0,0.203967
583,3.0,3,0,3,-27.0,1,1.0,13.0,10.0,118,0,0.20447
584,5.0,3,0,4,-27.0,1,2.0,13.0,10.0,150,0,0.202905
585,6.0,3,0,1,-27.0,3,9.0,10.0,10.0,90,0,0.20032
586,4.0,5,0,2,-23.0,0,0.0,10.0,10.0,98,0,0.202921
587,7.0,4,0,3,-26.0,1,2.0,14.0,10.0,106,0,0.205853
588,8.0,4,0,2,-27.0,2,4.0,15.0,10.0,82,0,0.20415
589,12.0,5,0,1,-20.0,1,4.0,12.0,10.0,90,0,0.200897
590,12.0,5,0,2,-19.0,2,2.0,12.0,10.0,78,0,0.207773
591,15.0,5,0,2,-19.0,2,3.0,14.0,10.0,82,0,0.209717
592,15.0,6,0,3,-17.0,0,0.0,13.0,10.0,86,0,0.206221
593,15.0,5,0,3,-17.0,2,2.0,12.0,10.0,86,0,0.200155
594,16.0,5,0,4,-17.0,1,2.0,12.0,10.0,110,0,0.205484
595,10.0,5,0,2,-24.0,1,3.0,14.0,10.0,82,0,0.205937
596,12.0,5,0,3,-23.0,2,5.0,12.0,10.0,90,0,0.208992
597,15.0,5,0,2,-20.0,1,4.0,14.0,10.0,86,0,0.211005
598,12.0,4,0,2,-23.0,3,6.0,13.0,10.0,90,0,0.207055
599,16.0,4,0,2,-22.0,3,7.0,15.0,10.0,74,0,0.206898
600,17.0,4,0,1,-22.0,4,10.0,14.0,10.0,78,0,0.201703
601,13.0,4,0,1,-23.0,2,5.0,16.0,10.0,78,0,0.205469
602,18.0,4,0,1,-22.0,3,8.0,17.0,10.0,90,0,0.206634
603,15.0,4,0,1,-24.0,2,7.0,17.0,10.0,74,0,0.204553
604,15.0,3,0,1,-24.0,4,9.0,16.0,10.0,66,0,0.213265
605,15.0,3,0,1,-24.0,3,9.0,16.0,10.0,90,0,0.207633
606,12.0,2,0,2,-27.0,4,10.0,15.0,10.0,102,0,0.20499
607,14.0,2,0,2,-26.0,4,11.0,15.0,10.0,62,0,0.215135
608,11.0,2,0,2,-28.0,3,10.0,15.0,10.0,110,0,0.202469
609,7.0,2,0,2,-29.0,3,6.0,16.0,10.0,102,0,0.204786
610,4.0,2,0,2,-30.0,1,4.0,16.0,10.0,146,0,0.200838
611,3.0,1,0,1,-31.0,2,5.0,17.0,10.0,126,0,0.202312
612,0.0,2,0,1,-32.0,2,4.0,15.0,10.0,138,0,0.203894
613,1.0,2,0,3,-32.0,2,4.0,14.0,10.0,106,0,0.206928
614,2.0,3,0,2,-30.0,2,5.0,12.0,10.0,146,0,0.202366
615,13.0,4,0,1,-24.0,3,9.0,13.0,10.0,58,0,0.201033
616,16.0,5,0,2,-23.0,3,9.0,13.0,10.0,82,0,0.206317
617,24.0,6,0,1,-19.0,2,9.0,17.0,10.0,74,0,0.207216
618,25.0,5,0,2,-20.0,3,11.0,17.0,10.0,86,0,0.202204
619,23.0,5,0,1,-20.0,3,10.0,17.0,10.0,70,0,0.20549
620,26.0,5,0,1,-19.0,4,13.0,16.0,10.0,86,0,0.203665
621,24.0,5,0,3,-21.0,3,11.0,16.0,10.0,106,0,0.205276
622,19.0,7,0,2,-16.0,2,4.0,12.0,10.0,62,0,0.20487
623,17.0,7,0,2,-18.0,1,3.0,13.0,10.0,82,0,0.208524
624,26.0,7,0,1,-12.0,2,5.0,15.0,10.0,62,0,0.207027
625,23.0,8,0,1,-15.0,1,2.0,17.0,10.0,66,0,0.203409
626,15.0,7,0,1,-22.0,1,2.0,17.0,10.0,66,0,0.200247
627,16.0,6,0,1,-21.0,2,3.0,17.0,10.0,74,0,0.208113
628,15.0,5,0,1,-21.0,3,4.0,16.0,10.0,82,0,0.20674
629,14.0,5,0,1,-22.0,2,3.0,17.0,10.0,74,0,0.208376
630,17.0,6,0,1,-20.0,2,4.0,16.0,10.0,74,0,0.21003
631,11.0,6,0,2,-22.0,0,0.0,15.0,10.0,74,0,0.205545
632,12.0,5,0,1,-22.0,2,8.0,10.0,10.0,82,0,0.209959
633,8.0,6,0,1,-24.0,1,1.0,14.0,10.0,82,0,0.206835
634,9.0,6,0,1,-24.0,1,2.0,14.0,10.0,78,0,0.206922
635,7.0,5,0,2,-26.0,2,3.0,13.0,10.0,86,0,0.201243
636,16.0,5,0,2,-19.0,3,5.0,13.0,10.0,82,0,0.210551
637,8.0,6,0,2,-24.0,1,2.0,12.0,10.0,94,0,0.207084
638,11.0,6,0,2,-18.0,0,0.0,11.0,10.0,90,0,0.200006
639,10.0,5,0,4,-20.0,0,0.0,11.0,10.0,114,0,0.204801
640,2.0,4,0,2,-26.0,1,1.0,11.0,10.0,94,0,0.209344
641,8.0,4,0,3,-25.0,3,4.0,12.0,10.0,90,0,0.202763
642,13.0,5,0,2,-21.0,3,8.0,9.0,10.0,50,0,0.204828
643,15.0,5,0,2,-18.0,3,7.0,9.0,10.0,74,0,0.209189
644,10.0,7,0,2,-20.0,0,0.0,11.0,10.0,54,0,0.208264
645,9.0,6,0,1,-21.0,1,1.0,12.0,10.0,74,0,0.20743
646,10.0,6,0,1,-22.0,1,2.0,13.0,10.0,62,0,0.201175
647,15.0,6,0,2,-20.0,3,5.0,12.0,10.0,70,0,0.201978
648,11.0,7,0,2,-19.0,0,0.0,11.0,10.0,82,0,0.204383
649,21.0,6,0,2,-16.0,2,3.0,16.0,10.0,74,0,0.209016
650,16.0,7,0,1,-20.0,1,3.0,15.0,10.0,78,0,0.201603
651,23.0,7,0,2,-12.0,0,0.0,16.0,10.0,70,0,0.206956
652,10.0,6,0,2,-22.0,1,1.0,13.0,10.0,82,0,0.206322
653,13.0,6,0,3,-22.0,1,2.0,14.0,10.0,58,0,0.203514
654,14.0,6,0,2,-21.0,1,1.0,16.0,10.0,94,0,0.209029
655,15.0,6,0,1,-16.0,1,1.0,13.0,10.0,74,0,0.202814
656,11.0,6,0,1,-20.0,0,0.0,14.0,10.0,94,0,0.20343
657,11.0,5,0,1,-22.0,1,2.0,15.0,10.0,98,0,0.203592
658,11.0,5,0,1,-23.0,1,3.0,15.0,10.0,90,0,0.206164
659,11.0,4,0,2,-24.0,1,3.0,16.0,10.0,106,0,0.20019
660,8.0,3,0,1,-26.0,3,5.0,15.0,10.0,110,0,0.203867
661,8.0,3,0,2,-26.0,2,4.0,15.0,10.0,118,0,0.201531
662,11.0,3,0,1,-23.0,2,5.0,15.0,10.0,106,0,0.207284
663,14.0,2,0,2,-25.0,4,9.0,16.0,10.0,102,0,0.203108
664,10.0,2,0,3,-26.0,3,7.0,14.0,10.0,90,0,0.204137
665,3.0,3,0,4,-27.0,0,0.0,13.0,10.0,158,1,0.20321
666,7.0,2,0,2,-25.0,3,7.0,11.0,10.0,102,0,0.20183
667,11.0,2,0,2,-23.0,3,8.0,12.0,10.0,114,0,0.205134
668,10.0,3,0,4,-25.0,1,5.0,13.0,10.0,142,0,0.203732
669,16.0,3,0,1,-21.0,4,10.0,13.0,10.0,74,0,0.201526
670,23.0,5,0,1,-16.0,4,9.0,14.0,10.0,66,0,0.202339
671,20.0,7,0,2,-19.0,2,7.0,13.0,10.0,62,0,0.206712
672,23.0,7,0,1,-20.0,3,9.0,16.0,10.0,70,0,0.200871
673,24.0,8,0,1,-13.0,0,0.0,18.0,10.0,50,0,0.201963
674,15.0,7,0,1,-19.0,1,2.0,14.0,10.0,74,0,0.211367
675,23.0,6,0,1,-14.0,2,3.0,17.0,10.0,62,0,0.211615
676,19.0,7,0,3,-18.0,1,2.0,15.0,10.0,82,0,0.206549
677,18.0,7,0,2,-18.0,0,0.0,17.0,10.0,82,0,0.208174
678,7.0,6,0,1,-24.0,0,0.0,14.0,10.0,90,0,0.208478
679,16.0,5,0,2,-20.0,3,5.0,14.0,10.0,74,0,0.200672
680,19.0,7,0,3,-16.0,0,0.0,15.0,10.0,82,0,0.204509
681,16.0,6,0,2,-18.0,1,1.0,15.0,10.0,78,0,0.204132
682,14.0,6,0,3,-22.0,1,2.0,15.0,10.0,74,0,0.20948
683,13.0,6,0,2,-22.0,0,0.0,17.0,10.0,86,0,0.201789
684,17.0,5,0,4,-19.0,1,1.0,16.0,10.0,78,0,0.200161
685,16.0,5,0,3,-18.0,0,0.0,16.0,10.0,102,0,0.207186
686,10.0,4,0,5,-25.0,0,0.0,16.0,10.0,102,0,0.203424
687,7.0,3,0,3,-26.0,2,3.0,14.0,10.0,90,0,0.202432
688,12.0,4,0,3,-23.0,2,3.0,15.0,10.0,78,0,0.201811
689,14.0,5,0,3,-22.0,1,3.0,15.0,10.0,106,0,0.20744
690,18.0,5,0,2,-17.0,2,5.0,13.0,10.0,90,0,0.206125
691,20.0,5,0,2,-18.0,2,6.0,15.0,10.0,102,0,0.203454
692,10.0,6,0,1,-27.0,1,2.0,18.0,10.0,78,0,0.201384
693,11.0,6,0,1,-26.0,2,2.0,18.0,10.0,82,0,0.2144
694,16.0,6,0,3,-20.0,0,0.0,17.0,10.0,86,0,0.201854
695,16.0,5,0,3,-20.0,2,2.0,16.0,10.0,70,0,0.201264
696,9.0,5,0,3,-27.0,1,2.0,16.0,10.0,90,0,0.200693
697,11.0,5,0,1,-26.0,2,4.0,17.0,10.0,70,0,0.204125
698,14.0,5,0,3,-22.0,2,2.0,16.0,10.0,86,0,0.200041
699,9.0,5,0,3,-27.0,1,1.0,17.0,10.0,98,0,0.20715
700,15.0,5,0,4,-21.0,1,1.0,16.0,10.0,106,0,0.20669
701,15.0,5,0,3,-20.0,0,0.0,17.0,10.0,114,0,0.201343
702,6.0,4,0,2,-24.0,1,2.0,12.0,10.0,102,0,0.215423
703,6.0,4,0,3,-24.0,1,1.0,12.0,10.0,102,0,0.207276
704,4.0,4,0,3,-26.0,0,0.0,13.0,10.0,98,0,0.202164
705,6.0,3,0,2,-25.0,1,2.0,14.0,10.0,118,0,0.200127
706,1.0,3,0,3,-28.0,0,0.0,13.0,10.0,126,3,0.203235
707,3.0,2,0,4,-28.0,2,2.0,13.0,10.0,138,0,0.200831
708,9.0,2,0,4,-26.0,3,5.0,14.0,10.0,114,0,0.203473
709,12.0,2,0,3,-25.0,4,8.0,14.0,10.0,102,0,0.202764
710,9.0,3,0,4,-25.0,1,4.0,13.0,10.0,118,1,0.20116
711,10.0,2,0,3,-26.0,2,6.0,15.0,10.0,110,0,0.207321
712,11.0,1,0,2,-26.0,4,8.0,16.0,10.0,122,0,0.202479
713,9.0,1,0,3,-27.0,3,8.0,14.0,10.0,106,0,0.200471
714,14.0,1,0,2,-26.0,5,12.0,15.0,10.0,118,0,0.206717
715,8.0,2,0,1,-29.0,2,6.0,18.0,10.0,90,0,0.206515
716,6.0,2,0,2,-28.0,2,5.0,15.0,10.0,118,0,0.201738
717,4.0,1,0,1,-32.0,3,6.0,18.0,10.0,122,2,0.203304
718,3.0,1,0,3,-32.0,1,4.0,17.0,10.0,210,3,0.20091
719,3.0,0,0,1,-32.0,3,9.0,15.0,10.0,142,0,0.203721
720,0.0,2,0,2,-29.0,1,1.0,14.0,10.0,178,0,0.200219
721,7.0,2,0,1,-27.0,3,5.0,16.0,10.0,122,0,0.206165
722,8.0,3,0,1,-26.0,1,3.0,17.0,10.0,122,3,0.206976
723,4.0,2,0,1,-29.0,2,4.0,16.0,10.0,142,0,0.204945
724,8.0,2,0,1,-26.0,2,5.0,16.0,10.0,130,1,0.201789
725,6.0,1,0,1,-28.0,2,5.0,17.0,10.0,138,0,0.202819
726,4.0,0,0,1,-30.0,3,6.0,17.0,10.0,158,0,0.205474
727,5.0,0,0,1,-29.0,3,7.0,16.0,10.0,174,0,0.204325
728,5.0,0,0,2,-30.0,3,7.0,16.0,10.0,178,5,0.201592
729,8.0,1,0,1,-28.0,3,6.0,18.0,10.0,142,2,0.205772
730,8.0,2,0,4,-26.0,2,4.0,14.0,10.0,190,3,0.20171
731,11.0,3,0,3,-22.0,2,6.0,11.0,10.0,106,0,0.207829
732,11.0,3,0,4,-24.0,2,7.0,11.0,10.0,118,0,0.204094
733,11.0,3,0,3,-22.0,3,6.0,11.0,10.0,114,0,0.202512
734,10.0,4,0,2,-24.0,1,5.0,13.0,10.0,102,0,0.205505
735,20.0,4,0,2,-21.0,3,9.0,16.0,10.0,94,0,0.201503
736,18.0,6,0,1,-21.0,1,7.0,15.0,10.0,78,0,0.203038
737,27.0,6,0,0,-18.0,2,9.0,20.0,10.0,74,0,0.206953
738,27.0,6,0,1,-18.0,1,8.0,20.0,10.0,90,0,0.205172
739,9.0,6,0,2,-20.0,0,0.0,11.0,10.0,82,0,0.200924
740,10.0,5,0,2,-20.0,1,1.0,12.0,10.0,94,0,0.207885
741,8.0,5,0,1,-22.0,1,2.0,12.0,10.0,78,0,0.207168
742,8.0,4,0,2,-27.0,2,3.0,16.0,10.0,102,0,0.204786
743,9.0,4,0,2,-26.0,2,4.0,15.0,10.0,98,0,0.208264
744,11.0,4,0,2,-22.0,1,2.0,15.0,10.0,98,0,0.208794
745,11.0,4,0,1,-23.0,1,3.0,16.0,10.0,122,0,0.20115
746,15.0,4,0,1,-24.0,4,9.0,15.0,10.0,54,0,0.210086
747,18.0,6,0,2,-20.0,2,8.0,12.0,10.0,82,0,0.207126
748,7.0,6,0,1,-24.0,1,2.0,12.0,10.0,62,0,0.205544
749,10.0,5,0,3,-21.0,1,2.0,11.0,10.0,86,0,0.201523
750,9.0,5,0,2,-21.0,2,2.0,11.0,10.0,86,0,0.201813
751,3.0,5,0,2,-26.0,0,0.0,12.0,10.0,102,0,0.20427
752,-2.0,4,0,4,-31.0,0,0.0,11.0,10.0,126,0,0.200582
753,-3.0,3,0,2,-28.0,1,1.0,9.0,10.0,126,1,0.205358
754,-2.0,3,0,3,-28.0,0,0.0,10.0,10.0,150,0,0.203078
755,-2.0,2,0,2,-28.0,2,2.0,10.0,10.0,110,0,0.208442
756,1.0,2,0,2,-29.0,3,5.0,11.0,10.0,142,0,0.206289
757,2.0,3,0,3,-26.0,1,1.0,11.0,10.0,74,0,0.202777
758,4.0,3,0,3,-25.0,1,2.0,11.0,10.0,118,0,0.205033
759,3.0,2,0,3,-26.0,1,2.0,12.0,10.0,142,0,0.20075
760,4.0,2,0,3,-26.0,2,3.0,12.0,10.0,194,0,0.202859
761,6.0,3,0,2,-24.0,2,4.0,11.0,10.0,94,0,0.2072
762,6.0,4,0,2,-22.0,0,0.0,12.0,10.0,110,0,0.202958
763,4.0,3,0,4,-26.0,1,1.0,12.0,10.0,146,0,0.200282
764,8.0,3,0,3,-24.0,2,6.0,10.0,10.0,62,0,0.203394
765,16.0,4,0,3,-25.0,3,13.0,11.0,10.0,90,0,0.206596
766,6.0,5,0,3,-26.0,0,0.0,14.0,10.0,90,0,0.200246
767,6.0,4,0,1,-26.0,1,1.0,16.0,10.0,106,0,0.205811
768,9.0,4,0,2,-25.0,1,2.0,16.0,10.0,122,0,0.20446
769,16.0,4,0,2,-20.0,3,5.0,15.0,10.0,78,0,0.207702
770,13.0,5,0,3,-24.0,2,6.0,13.0,10.0,90,0,0.208935
771,9.0,5,0,2,-25.0,2,5.0,12.0,10.0,62,0,0.203691
772,9.0,6,0,3,-23.0,1,2.0,11.0,10.0,90,0,0.205059
773,22.0,6,0,2,-19.0,3,9.0,14.0,10.0,58,0,0.20661
774,16.0,8,0,0,-22.0,1,6.0,14.0,10.0,74,0,0.208576
775,16.0,7,0,0,-22.0,2,7.0,14.0,10.0,74,0,0.210825
776,18.0,7,0,0,-21.0,2,7.0,15.0,10.0,74,0,0.205921
777,21.0,7,0,1,-20.0,2,8.0,15.0,10.0,78,0,0.200199
778,14.0,8,0,2,-19.0,0,0.0,13.0,10.0,70,0,0.201404
779,16.0,7,0,1,-17.0,2,2.0,13.0,10.0,70,0,0.210492
780,12.0,7,0,2,-21.0,0,0.0,14.0,10.0,62,0,0.203108
781,10.0,6,0,1,-22.0,1,2.0,13.0,10.0,78,0,0.205321
782,9.0,5,0,2,-24.0,2,3.0,13.0,10.0,58,0,0.202553
783,8.0,5,0,2,-24.0,1,2.0,13.0,10.0,86,0,0.205273
784,13.0,4,0,2,-20.0,3,4.0,13.0,10.0,66,0,0.203256
785,10.0,4,0,2,-24.0,3,5.0,13.0,10.0,102,0,0.204749
786,13.0,5,0,2,-24.0,2,5.0,15.0,10.0,70,0,0.201388
787,15.0,5,0,4,-23.0,2,6.0,13.0,10.0,94,0,0.205796
788,13.0,6,0,2,-19.0,2,2.0,12.0,10.0,74,0,0.204572
789,12.0,6,0,4,-25.0,0,0.0,17.0,10.0,82,0,0.203313
790,4.0,5,0,1,-24.0,1,1.0,11.0,10.0,78,0,0.201607
791,9.0,4,0,2,-27.0,2,2.0,18.0,10.0,78,0,0.207177
792,14.0,4,0,3,-26.0,2,4.0,19.0,10.0,102,0,0.203891
793,8.0,4,0,3,-28.0,0,0.0,19.0,10.0,74,0,0.20346
794,10.0,3,0,3,-26.0,2,2.0,18.0,10.0,118,0,0.206537
795,12.0,3,0,3,-26.0,2,3.0,19.0,10.0,78,0,0.201478
796,11.0,2,0,3,-26.0,3,4.0,18.0,10.0,122,0,0.20123
797,11.0,3,0,5,-25.0,2,2.0,16.0,10.0,106,0,0.205708
798,14.0,3,0,2,-24.0,4,8.0,15.0,10.0,102,0,0.206721
799,16.0,4,0,3,-24.0,2,6.0,17.0,10.0,102,0,0.201134
800,9.0,4,0,3,-28.0,1,2.0,18.0,10.0,102,0,0.204452
801,11.0,4,0,1,-26.0,3,5.0,17.0,10.0,102,0,0.202363
802,10.0,5,0,2,-26.0,1,4.0,15.0,10.0,90,0,0.20721
803,15.0,5,0,2,-25.0,3,7.0,16.0,10.0,102,0,0.200641
804,19.0,7,0,1,-16.0,1,2.0,15.0,10.0,66,0,0.204832
805,15.0,6,0,1,-19.0,1,2.0,15.0,10.0,82,0,0.209932
806,16.0,5,0,1,-19.0,2,3.0,16.0,10.0,54,0,0.204801
807,11.0,6,0,2,-25.0,2,5.0,13.0,10.0,78,0,0.205972
808,13.0,6,0,1,-22.0,1,3.0,15.0,10.0,58,0,0.209336
809,9.0,5,0,2,-25.0,1,3.0,14.0,10.0,90,0,0.205547
810,7.0,5,0,3,-26.0,1,1.0,14.0,10.0,98,0,0.20277
811,8.0,5,0,1,-26.0,1,2.0,16.0,10.0,94,0,0.207475
812,9.0,4,0,1,-25.0,2,3.0,16.0,10.0,106,0,0.201715
813,12.0,4,0,1,-26.0,3,6.0,17.0,10.0,82,0,0.208319
814,7.0,4,0,1,-26.0,1,1.0,17.0,10.0,114,0,0.205008
815,9.0,4,0,2,-26.0,1,2.0,17.0,10.0,74,0,0.209316
816,7.0,4,0,3,-26.0,1,1.0,15.0,10.0,130,0,0.205673
817,9.0,4,0,3,-25.0,1,2.0,15.0,10.0,110,0,0.203734
818,5.0,4,0,2,-30.0,1,3.0,16.0,10.0,102,0,0.202314
819,5.0,3,0,1,-30.0,3,5.0,16.0,10.0,102,0,0.203863
820,8.0,3,0,2,-28.0,2,4.0,17.0,10.0,122,0,0.206479
821,14.0,3,0,2,-25.0,3,7.0,17.0,10.0,94,0,0.202483
822,11.0,3,0,2,-28.0,3,9.0,15.0,10.0,106,0,0.200635
823,0.0,3,0,2,-32.0,0,0.0,17.0,10.0,158,0,0.200983
824,-4.0,2,0,2,-33.0,1,1.0,14.0,10.0,150,2,0.202499
825,-2.0,2,0,3,-32.0,1,1.0,14.0,10.0,142,1,0.205671
826,-1.0,1,0,2,-32.0,2,3.0,15.0,10.0,110,0,0.205825
827,6.0,2,0,3,-28.0,2,5.0,14.0,10.0,122,0,0.205968
828,5.0,2,0,3,-30.0,2,6.0,14.0,10.0,86,0,0.207339
829,6.0,2,0,2,-30.0,4,9.0,13.0,10.0,102,0,0.206523
830,5.0,2,0,2,-30.0,3,8.0,13.0,10.0,74,0,0.200877
831,0.0,4,0,2,-29.0,0,0.0,13.0,10.0,118,0,0.206811
832,-1.0,3,0,4,-32.0,0,0.0,14.0,10.0,158,0,0.204774
833,0.0,2,0,3,-31.0,2,5.0,11.0,10.0,106,0,0.204158
834,6.0,3,0,2,-26.0,3,4.0,13.0,10.0,86,0,0.201927
835,7.0,4,0,2,-25.0,2,3.0,13.0,10.0,102,0,0.207635
836,10.0,4,0,2,-22.0,1,2.0,14.0,10.0,98,0,0.201771
837,7.0,3,0,1,-27.0,2,5.0,15.0,10.0,102,0,0.205714
838,2.0,4,0,4,-28.0,0,0.0,12.0,10.0,122,0,0.202441
839,6.0,3,0,2,-25.0,3,3.0,13.0,10.0,70,0,0.208484
840,7.0,4,0,3,-24.0,1,2.0,12.0,10.0,102,0,0.203666
841,8.0,4,0,3,-22.0,1,1.0,12.0,10.0,114,0,0.203127
842,15.0,4,0,2,-20.0,1,3.0,16.0,10.0,106,0,0.206482
843,17.0,4,0,2,-19.0,2,4.0,16.0,10.0,98,0,0.207774
844,12.0,4,0,5,-22.0,0,0.0,15.0,10.0,118,0,0.201814
845,11.0,3,0,4,-23.0,2,2.0,15.0,10.0,114,0,0.200138
846,13.0,3,0,4,-22.0,2,3.0,15.0,10.0,110,0,0.200283
847,17.0,4,0,4,-20.0,1,3.0,16.0,10.0,126,0,0.201039
848,13.0,4,0,2,-24.0,1,4.0,17.0,10.0,86,0,0.202962
849,15.0,4,0,4,-24.0,2,6.0,15.0,10.0,114,0,0.20499
850,24.0,5,0,3,-16.0,3,9.0,13.0,10.0,98,0,0.205427
851,28.0,7,0,2,-14.0,1,7.0,16.0,10.0,66,0,0.208131
852,19.0,6,0,2,-22.0,1,7.0,16.0,10.0,70,0,0.206063
853,14.0,6,0,2,-25.0,1,1.0,20.0,10.0,62,0,0.206803
854,23.0,6,0,3,-18.0,1,2.0,20.0,10.0,90,0,0.200732
855,22.0,6,0,2,-18.0,1,3.0,19.0,10.0,62,0,0.209064
856,25.0,6,0,3,-18.0,3,7.0,17.0,10.0,74,0,0.208886
857,25.0,7,0,2,-16.0,1,4.0,18.0,10.0,62,0,0.206132
858,24.0,6,0,2,-18.0,2,5.0,19.0,10.0,74,0,0.207683
859,22.0,6,0,2,-19.0,1,4.0,19.0,10.0,74,0,0.210521
860,24.0,6,0,2,-19.0,2,7.0,18.0,10.0,82,0,0.20573
861,23.0,6,0,2,-19.0,2,6.0,18.0,10.0,74,0,0.203684
862,23.0,7,0,2,-16.0,1,3.0,17.0,10.0,78,0,0.204383
863,24.0,7,0,1,-17.0,2,3.0,20.0,10.0,70,0,0.200501
864,20.0,7,0,1,-18.0,1,1.0,19.0,10.0,66,0,0.209895
865,22.0,7,0,2,-17.0,1,1.0,19.0,10.0,74,0,0.203906
866,22.0,7,0,2,-17.0,0,0.0,20.0,10.0,58,0,0.207708
867,22.0,6,0,3,-16.0,1,1.0,18.0,10.0,90,0,0.203729
868,22.0,6,0,2,-17.0,1,2.0,19.0,10.0,54,0,0.201447
869,16.0,6,0,4,-23.0,1,1.0,18.0,10.0,90,0,0.206758
870,21.0,6,0,4,-16.0,0,0.0,17.0,10.0,82,0,0.202671
871,15.0,5,0,4,-23.0,1,1.0,18.0,10.0,102,0,0.207645
872,20.0,5,0,6,-18.0,0,0.0,17.0,10.0,110,0,0.205179
873,9.0,4,0,3,-22.0,0,0.0,14.0,10.0,134,0,0.200915
874,18.0,3,0,4,-20.0,2,3.0,18.0,10.0,86,0,0.200976
875,25.0,4,0,3,-17.0,4,9.0,16.0,10.0,90,0,0.205423
876,22.0,5,0,3,-18.0,2,5.0,17.0,10.0,102,0,0.204702
877,21.0,6,0,3,-19.0,1,1.0,20.0,10.0,74,0,0.205153
878,21.0,6,0,3,-18.0,0,0.0,20.0,10.0,90,0,0.203879
879,19.0,5,0,4,-19.0,0,0.0,19.0,10.0,82,0,0.207357
880,12.0,4,0,3,-26.0,1,1.0,20.0,10.0,122,0,0.200173
881,18.0,4,0,6,-20.0,0,0.0,18.0,10.0,82,0,0.201443
882,6.0,3,0,2,-26.0,2,3.0,14.0,10.0,90,0,0.207641
883,13.0,4,0,2,-24.0,3,8.0,13.0,10.0,86,0,0.203825
884,6.0,5,0,3,-25.0,0,0.0,13.0,10.0,102,0,0.20526
885,9.0,4,0,2,-24.0,2,2.0,15.0,10.0,98,0,0.200014
886,9.0,4,0,4,-24.0,0,0.0,15.0,10.0,122,0,0.204324
887,5.0,3,0,3,-26.0,1,1.0,14.0,10.0,106,1,0.207414
888,13.0,3,0,3,-24.0,3,6.0,15.0,10.0,98,1,0.20511
889,13.0,3,0,3,-24.0,2,6.0,15.0,10.0,106,0,0.20458
890,12.0,3,0,5,-25.0,1,4.0,15.0,10.0,110,1,0.204762
891,14.0,3,0,3,-26.0,3,8.0,16.0,10.0,118,0,0.202895
892,16.0,3,0,3,-24.0,3,7.0,17.0,10.0,70,0,0.200014
893,12.0,4,0,2,-28.0,2,5.0,19.0,10.0,90,0,0.208082
894,17.0,3,0,2,-24.0,4,7.0,19.0,10.0,78,0,0.207526
895,15.0,3,0,2,-27.0,4,8.0,19.0,10.0,90,0,0.209003
896,12.0,5,0,4,-25.0,0,0.0,18.0,10.0,106,0,0.203806
897,9.0,4,0,2,-26.0,1,1.0,18.0,10.0,114,0,0.201897
898,12.0,4,0,2,-24.0,1,2.0,18.0,10.0,106,0,0.206265
899,11.0,4,0,3,-26.0,1,3.0,17.0,10.0,118,0,0.203593
900,13.0,4,0,2,-26.0,3,6.0,17.0,10.0,90,0,0.2042
901,11.0,5,0,4,-26.0,0,0.0,18.0,10.0,90,0,0.200494
902,14.0,4,0,2,-23.0,2,3.0,18.0,10.0,90,0,0.206181
903,16.0,5,0,4,-22.0,0,0.0,19.0,10.0,66,0,0.208986
904,13.0,4,0,5,-25.0,1,1.0,18.0,10.0,118,0,0.20582
905,17.0,4,0,4,-22.0,2,4.0,17.0,10.0,66,0,0.202102
906,13.0,4,0,4,-25.0,1,3.0,17.0,10.0,118,0,0.206847
907,14.0,3,0,4,-25.0,3,5.0,17.0,10.0,94,0,0.202046
908,14.0,4,0,5,-24.0,2,3.0,16.0,10.0,114,0,0.201279
909,18.0,5,0,4,-22.0,1,2.0,19.0,10.0,102,0,0.208245
910,20.0,5,0,4,-20.0,2,4.0,17.0,10.0,86,0,0.201341
911,20.0,5,0,5,-20.0,1,3.0,17.0,10.0,98,0,0.207871
912,12.0,5,0,6,-25.0,0,0.0,16.0,10.0,110,0,0.20337
913,7.0,4,0,5,-27.0,1,1.0,14.0,10.0,110,0,0.204498
914,8.0,4,0,4,-25.0,1,1.0,14.0,10.0,86,1,0.202256
915,14.0,3,0,3,-25.0,3,7.0,16.0,10.0,98,0,0.201513
916,18.0,4,0,5,-24.0,3,7.0,16.0,10.0,98,0,0.204823
917,20.0,6,0,3,-20.0,2,8.0,13.0,10.0,86,0,0.203229
918,23.0,7,0,1,-16.0,2,4.0,17.0,10.0,62,0,0.201308
919,25.0,7,0,2,-14.0,1,3.0,17.0,10.0,74,0,0.206852
920,13.0,7,0,3,-23.0,0,0.0,16.0,10.0,78,0,0.200045
921,14.0,6,0,3,-22.0,1,1.0,16.0,10.0,82,0,0.204308
922,8.0,6,0,3,-27.0,1,1.0,15.0,10.0,90,0,0.206064
923,15.0,6,0,4,-21.0,1,2.0,14.0,10.0,90,0,0.20123
924,9.0,6,0,3,-27.0,1,1.0,16.0,10.0,90,0,0.20648
925,14.0,6,0,5,-21.0,0,0.0,14.0,10.0,90,0,0.200326
926,3.0,5,0,4,-27.0,0,0.0,11.0,10.0,106,0,0.201838
927,7.0,4,0,5,-28.0,1,1.0,15.0,10.0,90,0,0.212966
928,7.0,4,0,5,-28.0,0,0.0,16.0,10.0,110,0,0.205293
929,6.0,3,0,5,-29.0,0,0.0,17.0,10.0,110,0,0.204221
930,3.0,2,0,3,-30.0,1,1.0,17.0,10.0,190,0,0.201376
931,7.0,2,0,3,-29.0,2,4.0,17.0,10.0,134,0,0.203739
932,4.0,2,0,3,-31.0,1,3.0,17.0,10.0,186,0,0.202524
933,9.0,2,0,1,-31.0,4,8.0,19.0,10.0,94,0,0.206699
934,12.0,5,0,3,-24.0,1,2.0,16.0,10.0,106,0,0.206077
935,8.0,5,0,2,-26.0,0,0.0,17.0,10.0,106,0,0.204744
936,7.0,4,0,3,-27.0,1,1.0,16.0,10.0,78,0,0.200449
937,8.0,4,0,2,-26.0,1,1.0,17.0,10.0,114,0,0.20483
938,8.0,4,0,4,-26.0,0,0.0,16.0,10.0,106,0,0.20659
939,12.0,3,0,2,-26.0,3,7.0,16.0,10.0,102,0,0.207823
940,10.0,3,0,4,-28.0,2,4.0,17.0,10.0,118,0,0.20515
941,10.0,3,0,3,-28.0,2,5.0,17.0,10.0,118,0,0.20509
942,16.0,3,0,2,-26.0,3,9.0,18.0,10.0,110,0,0.203983
943,9.0,4,0,2,-26.0,1,1.0,18.0,10.0,126,0,0.204396
944,8.0,4,0,3,-26.0,0,0.0,17.0,10.0,122,0,0.201065
945,5.0,3,0,3,-29.0,1,4.0,14.0,10.0,110,0,0.201928
946,5.0,3,0,4,-28.0,1,1.0,15.0,10.0,150,2,0.200724
947,11.0,3,0,4,-26.0,3,5.0,15.0,10.0,90,0,0.201709
948,9.0,4,0,3,-24.0,0,0.0,16.0,10.0,122,0,0.201689
949,8.0,3,0,4,-28.0,1,2.0,17.0,10.0,134,0,0.201775
950,9.0,3,0,4,-27.0,1,3.0,16.0,10.0,122,0,0.206356
951,4.0,3,0,4,-30.0,1,1.0,16.0,10.0,122,0,0.202752
952,6.0,3,0,4,-27.0,1,2.0,14.0,10.0,118,2,0.200208
953,5.0,3,0,2,-28.0,1,1.0,17.0,10.0,142,3,0.204749
954,8.0,3,0,2,-26.0,1,2.0,17.0,10.0,134,0,0.20313
955,6.0,2,0,4,-30.0,2,3.0,17.0,10.0,190,0,0.200792
956,4.0,3,0,4,-29.0,0,0.0,16.0,10.0,142,0,0.203823
957,3.0,2,0,3,-29.0,1,3.0,14.0,10.0,150,0,0.205149
958,7.0,2,0,5,-28.0,2,5.0,13.0,10.0,190,0,0.202463
959,3.0,3,0,2,-30.0,1,5.0,13.0,10.0,110,0,0.21213
960,4.0,3,0,4,-28.0,1,1.0,14.0,10.0,158,0,0.204473
961,12.0,3,0,2,-24.0,3,6.0,15.0,10.0,90,0,0.200479
962,10.0,4,0,2,-26.0,1,3.0,17.0,10.0,98,0,0.203095
963,10.0,3,0,1,-26.0,2,4.0,18.0,10.0,94,0,0.200205
964,7.0,4,0,3,-28.0,1,2.0,16.0,10.0,122,0,0.201226
965,7.0,4,0,2,-25.0,1,1.0,15.0,10.0,126,0,0.206764
966,12.0,4,0,3,-22.0,1,2.0,15.0,10.0,102,0,0.202903
967,10.0,4,0,4,-23.0,0,0.0,15.0,10.0,130,0,0.205817
968,5.0,3,0,4,-27.0,0,0.0,15.0,10.0,134,1,0.201564
969,4.0,2,0,5,-29.0,1,1.0,15.0,10.0,194,1,0.203293
970,2.0,2,0,4,-28.0,0,0.0,14.0,10.0,158,5,0.20225
971,0.0,1,0,5,-30.0,0,0.0,14.0,10.0,274,2,0.200139
972,1.0,0,0,4,-30.0,2,2.0,15.0,10.0,162,0,0.200002
973,5.0,0,0,3,-29.0,4,6.0,15.0,10.0,158,0,0.202531
974,7.0,1,0,4,-27.0,2,4.0,15.0,10.0,170,0,0.202958
975,11.0,1,0,3,-26.0,3,7.0,16.0,10.0,142,0,0.20233
976,8.0,2,0,5,-27.0,1,3.0,15.0,10.0,186,0,0.200184
977,7.0,2,0,3,-26.0,2,5.0,13.0,10.0,110,0,0.202789
978,8.0,2,0,1,-30.0,2,6.0,19.0,10.0,118,0,0.203348
979,16.0,2,0,3,-26.0,4,10.0,17.0,10.0,130,0,0.205731
980,21.0,4,0,3,-20.0,2,8.0,16.0,10.0,102,0,0.207003
981,23.0,4,0,4,-21.0,2,9.0,17.0,10.0,86,0,0.20768
982,16.0,5,0,3,-20.0,1,4.0,14.0,10.0,86,0,0.217305
983,23.0,4,0,3,-20.0,2,11.0,15.0,10.0,90,0,0.201367
984,13.0,5,0,1,-27.0,2,10.0,14.0,10.0,82,0,0.209799
985,18.0,6,0,0,-21.0,3,11.0,12.0,10.0,78,0,0.207748
986,14.0,7,0,0,-22.0,1,10.0,9.0,10.0,58,0,0.204948
987,12.0,6,0,0,-28.0,2,11.0,13.0,10.0,74,0,0.205954
988,15.0,6,0,0,-26.0,2,11.0,14.0,10.0,70,0,0.20864
989,14.0,6,0,0,-26.0,1,10.0,14.0,10.0,90,0,0.206329
990,14.0,5,0,0,-28.0,2,12.0,15.0,10.0,102,0,0.206945
991,12.0,6,0,1,-22.0,2,5.0,11.0,11.0,66,0,0.201621
992,9.0,5,0,1,-25.0,3,6.0,11.0,11.0,70,0,0.200294
993,11.0,5,0,1,-24.0,3,6.0,12.0,11.0,70,0,0.219964
994,9.0,7,0,2,-22.0,0,0.0,11.0,11.0,78,0,0.204349
995,7.0,6,0,1,-25.0,1,1.0,13.0,11.0,70,0,0.204944
996,13.0,6,0,1,-21.0,2,3.0,13.0,11.0,82,0,0.204254
997,11.0,6,0,1,-21.0,1,2.0,12.0,11.0,70,0,0.201971
998,11.0,6,0,2,-20.0,0,0.0,12.0,11.0,94,0,0.203307
999,-2.0,5,0,2,-29.0,0,0.0,9.0,11.0,114,0,0.207073
1000,5.0,4,0,2,-24.0,1,1.0,11.0,11.0,106,0,0.205776
1001,4.0,4,0,2,-24.0,0,0.0,11.0,11.0,118,0,0.203917
1002,0.0,3,0,1,-30.0,2,3.0,12.0,11.0,98,0,0.203775
1003,2.0,3,0,1,-28.0,2,4.0,11.0,11.0,114,0,0.202719
1004,4.0,3,0,1,-28.0,2,5.0,12.0,11.0,98,0,0.200281
1005,0.0,2,0,2,-32.0,1,3.0,14.0,11.0,150,0,0.205087
1006,0.0,1,0,2,-32.0,1,3.0,15.0,11.0,194,2,0.203601
1007,-1.0,1,0,1,-33.0,2,2.0,17.0,11.0,142,0,0.201619
1008,-1.0,1,0,2,-33.0,1,2.0,16.0,11.0,190,1,0.201533
1009,-2.0,1,0,1,-33.0,2,2.0,16.0,11.0,142,4,0.203585
1010,-2.0,1,0,3,-33.0,0,0.0,16.0,11.0,270,0,0.200302
1011,-2.0,0,0,2,-34.0,2,3.0,16.0,11.0,110,0,0.201974
1012,3.0,1,0,1,-32.0,3,7.0,15.0,11.0,146,0,0.201718
1013,3.0,2,0,2,-33.0,2,6.0,15.0,11.0,162,0,0.20272
1014,2.0,3,0,3,-32.0,0,0.0,17.0,11.0,150,0,0.20409
1015,5.0,2,0,3,-31.0,2,3.0,17.0,11.0,122,0,0.204674
1016,0.0,3,0,3,-32.0,0,0.0,15.0,11.0,158,0,0.200532
1017,-3.0,2,0,3,-35.0,0,0.0,16.0,11.0,194,3,0.2016
1018,-3.0,1,0,3,-37.0,1,3.0,16.0,11.0,194,4,0.200384
1019,-6.0,1,0,3,-37.0,1,1.0,15.0,11.0,210,0,0.202255
1020,-5.0,1,0,3,-36.0,1,1.0,15.0,11.0,158,0,0.200203
1021,0.0,1,0,2,-34.0,2,4.0,16.0,11.0,142,0,0.202821
1022,-5.0,1,0,2,-37.0,1,3.0,15.0,11.0,94,0,0.203635
1023,-4.0,1,0,1,-38.0,2,5.0,16.0,11.0,174,0,0.200683
1024,-2.0,1,0,2,-37.0,2,6.0,15.0,11.0,114,0,0.202081
1025,-6.0,0,0,2,-39.0,1,4.0,16.0,11.0,270,0,0.200821
1026,-8.0,0,0,1,-40.0,2,2.0,18.0,11.0,194,4,0.204075
1027,-7.0,0,0,1,-42.0,3,9.0,14.0,11.0,194,5,0.201384
1028,-4.0,1,0,1,-36.0,3,4.0,15.0,11.0,138,0,0.203812
1029,-2.0,1,0,1,-36.0,3,5.0,16.0,11.0,138,0,0.202761
1030,-3.0,1,0,1,-37.0,3,5.0,16.0,11.0,146,0,0.205079
1031,-6.0,2,0,1,-38.0,2,3.0,15.0,11.0,114,0,0.209179
1032,-6.0,3,0,1,-38.0,1,2.0,15.0,11.0,138,0,0.200169
1033,2.0,3,0,3,-36.0,2,7.0,14.0,11.0,74,0,0.207327
1034,0.0,4,0,1,-36.0,2,6.0,14.0,11.0,110,0,0.20239
1035,8.0,5,0,2,-33.0,1,6.0,17.0,11.0,58,0,0.201846
1036,10.0,4,0,1,-32.0,4,9.0,17.0,11.0,54,0,0.201729
1037,6.0,6,0,2,-29.0,1,2.0,14.0,11.0,62,0,0.205447
1038,10.0,6,0,4,-24.0,1,1.0,12.0,11.0,90,0,0.20166
1039,7.0,6,0,3,-28.0,1,2.0,13.0,11.0,86,0,0.202201
1040,10.0,6,0,3,-24.0,0,0.0,14.0,11.0,86,0,0.209444
1041,3.0,5,0,3,-31.0,1,1.0,14.0,11.0,102,0,0.207824
1042,3.0,5,0,3,-30.0,0,0.0,14.0,11.0,70,0,0.207834
1043,9.0,4,0,5,-25.0,1,1.0,13.0,11.0,122,0,0.200485
1044,3.0,4,0,5,-31.0,0,0.0,14.0,11.0,90,0,0.20538
1045,5.0,3,0,2,-29.0,3,6.0,12.0,11.0,78,0,0.206358
1046,13.0,5,0,2,-25.0,3,7.0,13.0,11.0,66,0,0.208202
1047,9.0,7,0,1,-28.0,1,3.0,15.0,11.0,82,0,0.200919
1048,9.0,7,0,1,-24.0,0,0.0,14.0,11.0,62,0,0.208815
1049,9.0,6,0,1,-24.0,1,1.0,14.0,11.0,66,0,0.20281
1050,4.0,6,0,1,-31.0,1,2.0,15.0,11.0,66,0,0.20259
1051,1.0,5,0,1,-33.0,1,2.0,15.0,11.0,86,0,0.201545
1052,2.0,4,0,1,-32.0,2,3.0,15.0,11.0,90,0,0.202831
1053,-4.0,5,0,2,-36.0,0,0.0,14.0,11.0,106,0,0.203151
1054,0.0,4,0,4,-33.0,0,0.0,14.0,11.0,90,0,0.204756
1055,-6.0,3,0,2,-36.0,1,2.0,12.0,11.0,106,0,0.205026
1056,-5.0,2,0,2,-38.0,2,3.0,15.0,11.0,130,0,0.200108
1057,-4.0,2,0,1,-38.0,3,6.0,14.0,11.0,94,0,0.201168
1058,-2.0,2,0,2,-35.0,2,4.0,14.0,11.0,110,0,0.203537
1059,-4.0,2,0,2,-38.0,2,5.0,14.0,11.0,138,0,0.202507
1060,-5.0,2,0,2,-38.0,1,3.0,15.0,11.0,178,0,0.202413
1061,-4.0,1,0,3,-38.0,3,5.0,14.0,11.0,174,0,0.200348
1062,-6.0,2,0,1,-39.0,2,3.0,16.0,11.0,98,0,0.204919
1063,-4.0,2,0,1,-38.0,2,4.0,16.0,11.0,142,0,0.201623
1064,-11.0,2,0,3,-42.0,0,0.0,15.0,11.0,110,2,0.201782
1065,-10.0,1,0,2,-42.0,2,2.0,16.0,11.0,190,0,0.200799
1066,-12.0,1,0,2,-42.0,0,0.0,16.0,11.0,206,5,0.202039
1067,-4.0,0,0,1,-38.0,4,8.0,14.0,11.0,110,0,0.208067
1068,1.0,3,0,2,-33.0,2,6.0,12.0,11.0,110,0,0.200323
1069,-5.0,3,0,2,-34.0,0,0.0,13.0,11.0,150,0,0.203652
1070,-3.0,2,0,3,-32.0,1,1.0,12.0,11.0,158,0,0.2047
1071,-1.0,2,0,3,-34.0,2,4.0,13.0,11.0,138,0,0.201551
1072,0.0,2,0,4,-34.0,2,4.0,13.0,11.0,190,0,0.20328
1073,0.0,3,0,2,-32.0,2,3.0,13.0,11.0,110,0,0.207485
1074,2.0,3,0,2,-31.0,2,4.0,13.0,11.0,114,0,0.201978
1075,1.0,3,0,2,-31.0,2,3.0,13.0,11.0,82,0,0.212964
1076,3.0,3,0,3,-30.0,2,4.0,12.0,11.0,102,0,0.203192
1077,2.0,3,0,3,-32.0,2,4.0,13.0,11.0,102,0,0.202146
1078,4.0,3,0,3,-28.0,1,3.0,12.0,11.0,102,0,0.206931
1079,0.0,3,0,4,-31.0,1,1.0,12.0,11.0,142,0,0.20441
1080,10.0,3,0,1,-28.0,4,10.0,13.0,11.0,82,0,0.208967
1081,20.0,5,0,2,-24.0,3,13.0,13.0,11.0,90,0,0.208167
1082,23.0,6,0,1,-17.0,4,12.0,10.0,11.0,58,0,0.210939
1083,22.0,6,0,1,-18.0,3,11.0,11.0,11.0,66,0,0.210028
1084,24.0,8,0,2,-15.0,2,4.0,14.0,11.0,50,0,0.207069
1085,21.0,8,0,2,-20.0,1,7.0,13.0,11.0,70,0,0.206908
1086,21.0,8,0,2,-18.0,1,1.0,17.0,11.0,66,0,0.210631
1087,25.0,8,0,1,-16.0,2,7.0,14.0,11.0,58,0,0.209008
1088,22.0,7,0,1,-18.0,2,7.0,14.0,11.0,62,0,0.21325
1089,27.0,8,0,1,-15.0,3,5.0,17.0,11.0,62,0,0.208364
1090,23.0,8,0,1,-16.0,1,3.0,16.0,11.0,66,0,0.202062
1091,21.0,7,0,1,-18.0,2,4.0,16.0,11.0,66,0,0.205686
1092,22.0,6,0,1,-17.0,3,5.0,16.0,11.0,74,0,0.205274
1093,21.0,6,0,2,-18.0,2,4.0,16.0,11.0,70,0,0.211123
1094,25.0,6,0,2,-16.0,3,7.0,15.0,11.0,74,0,0.202588
1095,21.0,6,0,3,-18.0,1,3.0,16.0,11.0,54,0,0.202463
1096,14.0,6,0,4,-23.0,1,1.0,15.0,11.0,86,0,0.200514
1097,15.0,6,0,2,-22.0,1,1.0,17.0,11.0,70,0,0.205592
1098,23.0,6,0,2,-15.0,2,3.0,16.0,11.0,90,0,0.204839
1099,26.0,7,0,1,-14.0,2,5.0,16.0,11.0,66,0,0.208819
1100,32.0,7,0,1,-12.0,3,7.0,18.0,11.0,62,0,0.204107
1101,23.0,9,0,1,-14.0,0,0.0,16.0,11.0,70,0,0.207714
1102,21.0,8,0,1,-17.0,1,1.0,17.0,11.0,74,0,0.206223
1103,22.0,8,0,1,-14.0,0,0.0,16.0,11.0,74,0,0.210726
1104,20.0,7,0,1,-18.0,1,1.0,18.0,11.0,74,0,0.20226
1105,28.0,7,0,1,-11.0,1,2.0,18.0,11.0,70,0,0.21145
1106,24.0,7,0,2,-16.0,1,3.0,17.0,11.0,62,0,0.216217
1107,29.0,6,0,1,-12.0,3,5.0,18.0,11.0,66,0,0.201661
1108,23.0,6,0,3,-17.0,1,3.0,17.0,11.0,58,0,0.207385
1109,22.0,6,0,4,-17.0,1,1.0,17.0,11.0,82,0,0.204416
1110,16.0,6,0,3,-22.0,1,2.0,16.0,11.0,58,0,0.200951
1111,26.0,6,0,2,-12.0,2,2.0,17.0,11.0,78,0,0.207325
1112,22.0,6,0,3,-16.0,1,2.0,16.0,11.0,90,0,0.207373
1113,18.0,6,0,3,-20.0,0,0.0,18.0,11.0,90,0,0.204789
1114,13.0,5,0,4,-25.0,1,1.0,17.0,11.0,98,0,0.201772
1115,21.0,5,0,4,-18.0,2,2.0,17.0,11.0,82,0,0.202419
1116,19.0,5,0,4,-18.0,0,0.0,17.0,11.0,102,0,0.206559
1117,14.0,4,0,5,-24.0,1,1.0,17.0,11.0,98,0,0.203646
1118,13.0,4,0,6,-24.0,0,0.0,16.0,11.0,126,0,0.201159
1119,13.0,3,0,2,-24.0,3,6.0,15.0,11.0,74,0,0.20901
1120,20.0,5,0,2,-20.0,2,6.0,16.0,11.0,90,0,0.200978
1121,20.0,5,0,2,-22.0,3,8.0,16.0,11.0,78,0,0.201909
1122,27.0,5,0,2,-16.0,4,10.0,15.0,11.0,74,0,0.202297
1123,28.0,6,0,2,-13.0,1,5.0,17.0,11.0,82,0,0.206096
1124,22.0,6,0,1,-20.0,3,9.0,15.0,11.0,74,0,0.204539
1125,24.0,8,0,2,-16.0,1,1.0,18.0,11.0,66,0,0.205081
1126,20.0,8,0,2,-18.0,0,0.0,17.0,11.0,62,0,0.20034
1127,20.0,7,0,1,-15.0,0,0.0,16.0,11.0,82,0,0.204825
1128,20.0,6,0,2,-20.0,2,3.0,18.0,11.0,70,0,0.200092
1129,17.0,7,0,3,-20.0,0,0.0,16.0,11.0,82,0,0.203123
1130,12.0,6,0,2,-22.0,1,1.0,14.0,11.0,82,0,0.207339
1131,14.0,6,0,2,-20.0,1,1.0,14.0,11.0,82,0,0.208037
1132,14.0,6,0,2,-20.0,0,0.0,15.0,11.0,90,0,0.201925
1133,11.0,5,0,3,-20.0,0,0.0,12.0,11.0,94,0,0.208728
1134,5.0,4,0,3,-25.0,1,1.0,11.0,11.0,94,0,0.20633
1135,13.0,3,0,2,-21.0,3,4.0,14.0,11.0,54,0,0.204665
1136,15.0,4,0,2,-24.0,4,9.0,13.0,11.0,90,0,0.207177
1137,11.0,5,0,2,-24.0,2,6.0,11.0,11.0,58,0,0.204071
1138,11.0,4,0,1,-23.0,2,6.0,12.0,11.0,94,0,0.204571
1139,12.0,5,0,1,-20.0,2,2.0,13.0,11.0,90,0,0.207937
1140,14.0,5,0,1,-20.0,1,2.0,15.0,11.0,86,0,0.208025
1141,7.0,5,0,3,-27.0,1,3.0,12.0,11.0,78,0,0.205521
1142,3.0,5,0,2,-27.0,0,0.0,12.0,11.0,90,0,0.208877
1143,8.0,4,0,1,-26.0,2,3.0,15.0,11.0,94,0,0.200822
1144,4.0,5,0,2,-28.0,0,0.0,14.0,11.0,78,0,0.207745
1145,2.0,4,0,4,-30.0,0,0.0,13.0,11.0,126,0,0.202915
1146,4.0,3,0,2,-29.0,3,5.0,12.0,11.0,74,0,0.20779
1147,5.0,4,0,3,-28.0,2,3.0,12.0,11.0,102,0,0.205172
1148,9.0,4,0,3,-26.0,2,4.0,13.0,11.0,94,0,0.202416
1149,6.0,4,0,4,-27.0,1,1.0,13.0,11.0,122,0,0.200211
1150,10.0,4,0,3,-24.0,2,4.0,12.0,11.0,110,0,0.205307
1151,10.0,4,0,2,-25.0,2,4.0,14.0,11.0,122,0,0.201493
1152,11.0,5,0,2,-26.0,1,4.0,15.0,11.0,94,0,0.207732
1153,9.0,5,0,2,-28.0,1,5.0,14.0,11.0,94,0,0.209281
1154,12.0,5,0,2,-24.0,2,2.0,16.0,11.0,90,0,0.207998
1155,15.0,5,0,3,-22.0,2,4.0,14.0,11.0,62,0,0.204076
1156,9.0,5,0,3,-28.0,2,3.0,15.0,11.0,102,0,0.205677
1157,19.0,6,0,1,-18.0,2,5.0,14.0,11.0,58,0,0.201631
1158,19.0,7,0,2,-18.0,1,4.0,13.0,11.0,82,0,0.20684
1159,19.0,7,0,1,-18.0,1,1.0,17.0,11.0,82,0,0.204158
1160,19.0,7,0,1,-20.0,1,2.0,18.0,11.0,74,0,0.205628
1161,17.0,6,0,2,-22.0,2,3.0,17.0,11.0,82,0,0.205356
1162,19.0,6,0,2,-20.0,2,4.0,16.0,11.0,66,0,0.209637
1163,15.0,6,0,2,-23.0,1,1.0,18.0,11.0,90,0,0.200825
1164,14.0,6,0,3,-22.0,0,0.0,16.0,11.0,74,0,0.204925
1165,8.0,5,0,2,-23.0,1,2.0,11.0,11.0,90,0,0.205786
1166,5.0,4,0,2,-31.0,1,2.0,17.0,11.0,86,0,0.206959
1167,7.0,3,0,2,-31.0,3,4.0,18.0,11.0,102,0,0.205404
1168,7.0,3,0,1,-31.0,3,5.0,18.0,11.0,114,0,0.20014
1169,10.0,4,0,4,-25.0,0,0.0,16.0,11.0,126,0,0.202023
1170,-1.0,3,0,3,-29.0,0,0.0,11.0,11.0,158,0,0.203039
1171,5.0,2,0,2,-32.0,4,7.0,15.0,11.0,86,0,0.204868
1172,6.0,5,0,3,-27.0,0,0.0,14.0,11.0,106,0,0.200122
1173,5.0,4,0,3,-30.0,0,0.0,17.0,11.0,98,0,0.206016
1174,2.0,3,0,4,-33.0,1,1.0,16.0,11.0,150,0,0.204723
1175,8.0,3,0,4,-29.0,2,3.0,16.0,11.0,146,0,0.200236
1176,10.0,4,0,4,-27.0,1,3.0,15.0,11.0,102,0,0.20739
1177,5.0,4,0,3,-30.0,0,0.0,17.0,11.0,126,0,0.203166
1178,2.0,3,0,5,-33.0,0,0.0,16.0,11.0,110,0,0.203846
1179,12.0,2,0,2,-28.0,5,11.0,14.0,11.0,90,0,0.206113
1180,11.0,5,0,2,-26.0,1,5.0,14.0,11.0,62,0,0.200917
1181,17.0,5,0,2,-23.0,3,10.0,12.0,11.0,74,0,0.207638
1182,17.0,6,0,1,-22.0,2,5.0,16.0,11.0,74,0,0.209248
1183,15.0,7,0,3,-22.0,0,0.0,16.0,11.0,70,0,0.205712
1184,10.0,6,0,3,-26.0,1,7.0,9.0,11.0,82,0,0.202735
1185,14.0,6,0,2,-26.0,2,9.0,12.0,11.0,78,0,0.206674
1186,14.0,6,0,2,-26.0,1,8.0,13.0,11.0,66,0,0.206988
1187,7.0,6,0,2,-22.0,0,0.0,10.0,11.0,86,0,0.210129
1188,4.0,5,0,2,-25.0,0,0.0,11.0,11.0,78,0,0.208388
1189,-1.0,4,0,1,-30.0,0,0.0,13.0,11.0,114,0,0.202347
1190,6.0,3,0,1,-24.0,2,2.0,13.0,11.0,102,0,0.201114
1191,1.0,3,0,1,-29.0,1,2.0,13.0,11.0,110,0,0.207507
1192,4.0,3,0,2,-28.0,3,5.0,11.0,11.0,118,0,0.203407
1193,6.0,3,0,2,-28.0,3,6.0,12.0,11.0,118,0,0.202719
1194,7.0,5,0,2,-25.0,1,4.0,10.0,11.0,82,0,0.206501
1195,8.0,4,0,1,-22.0,2,5.0,9.0,11.0,86,0,0.200474
1196,2.0,5,0,2,-26.0,0,0.0,10.0,11.0,102,0,0.208508
1197,-1.0,4,0,2,-29.0,1,1.0,10.0,11.0,118,0,0.205537
1198,9.0,4,0,2,-24.0,3,5.0,11.0,11.0,70,0,0.211285
1199,14.0,5,0,2,-22.0,3,7.0,11.0,11.0,74,0,0.204734
1200,15.0,5,0,2,-21.0,3,8.0,10.0,11.0,58,0,0.214579
1201,11.0,6,0,2,-20.0,2,4.0,8.0,11.0,70,0,0.201682
1202,11.0,7,0,2,-20.0,0,0.0,11.0,11.0,58,0,0.203223
1203,14.0,6,0,2,-18.0,1,2.0,11.0,11.0,74,0,0.209744
1204,12.0,6,0,2,-22.0,2,4.0,11.0,11.0,74,0,0.204995
1205,17.0,6,0,1,-16.0,1,3.0,12.0,11.0,82,0,0.205418
1206,18.0,6,0,0,-16.0,3,6.0,11.0,11.0,58,0,0.202393
1207,13.0,6,0,0,-23.0,3,7.0,12.0,11.0,78,0,0.218077
1208,13.0,7,0,3,-22.0,1,2.0,12.0,11.0,74,0,0.203698
1209,20.0,7,0,1,-16.0,1,5.0,12.0,11.0,58,0,0.20983
1210,18.0,6,0,1,-18.0,2,6.0,12.0,11.0,78,0,0.201122
1211,16.0,6,0,1,-19.0,1,5.0,12.0,11.0,66,0,0.200042
1212,15.0,6,0,1,-19.0,1,1.0,15.0,11.0,78,0,0.201777
1213,11.0,6,0,1,-24.0,1,2.0,15.0,11.0,90,0,0.205253
1214,17.0,6,0,1,-20.0,1,3.0,16.0,11.0,78,0,0.200123
1215,16.0,5,0,1,-22.0,3,5.0,16.0,11.0,78,0,0.203555
1216,14.0,5,0,2,-22.0,1,3.0,15.0,11.0,90,0,0.204318
1217,11.0,5,0,2,-28.0,3,7.0,14.0,11.0,98,0,0.206507
1218,13.0,7,0,1,-24.0,0,0.0,18.0,11.0,62,0,0.202042
1219,12.0,6,0,1,-24.0,1,1.0,17.0,11.0,82,0,0.204082
1220,9.0,6,0,1,-28.0,1,2.0,17.0,11.0,70,0,0.204632
1221,6.0,6,0,2,-30.0,0,0.0,17.0,11.0,90,0,0.208383
1222,13.0,5,0,3,-24.0,2,2.0,16.0,11.0,82,0,0.206406
1223,6.0,5,0,3,-30.0,1,1.0,16.0,11.0,102,0,0.205621
1224,15.0,5,0,1,-21.0,3,7.0,12.0,11.0,74,0,0.201602
1225,17.0,5,0,5,-22.0,1,3.0,15.0,11.0,90,0,0.202971
1226,7.0,5,0,4,-29.0,1,1.0,15.0,11.0,98,0,0.201695
1227,12.0,5,0,2,-27.0,3,6.0,15.0,11.0,74,0,0.201166
1228,12.0,6,0,1,-26.0,2,6.0,14.0,11.0,82,0,0.209279
1229,8.0,6,0,3,-27.0,0,0.0,15.0,11.0,66,0,0.214143
1230,14.0,5,0,3,-22.0,2,2.0,15.0,11.0,90,0,0.204285
1231,12.0,5,0,5,-23.0,0,0.0,14.0,11.0,70,0,0.200462
1232,2.0,4,0,3,-26.0,1,1.0,9.0,11.0,110,0,0.206057
1233,1.0,4,0,3,-26.0,0,0.0,9.0,11.0,102,0,0.200384
1234,11.0,3,0,4,-24.0,1,1.0,16.0,11.0,106,0,0.202154
1235,16.0,3,0,4,-22.0,2,4.0,16.0,11.0,122,0,0.203216
1236,8.0,3,0,3,-30.0,2,5.0,16.0,11.0,90,0,0.208909
1237,11.0,4,0,3,-29.0,2,8.0,14.0,11.0,102,0,0.206803
1238,11.0,4,0,1,-28.0,3,7.0,16.0,11.0,82,0,0.205902
1239,5.0,5,0,2,-32.0,1,1.0,18.0,11.0,106,0,0.205154
1240,8.0,5,0,2,-30.0,1,2.0,18.0,11.0,78,0,0.203237
1241,12.0,5,0,1,-25.0,2,9.0,11.0,11.0,94,0,0.209832
1242,10.0,5,0,1,-25.0,1,3.0,15.0,11.0,98,0,0.203249
1243,7.0,5,0,1,-27.0,0,0.0,17.0,11.0,98,0,0.201986
1244,8.0,4,0,1,-28.0,2,3.0,17.0,11.0,90,0,0.205527
1245,10.0,5,0,3,-26.0,1,1.0,16.0,11.0,82,0,0.204115
1246,13.0,5,0,2,-24.0,2,3.0,16.0,11.0,74,0,0.204626
1247,14.0,6,0,2,-22.0,1,2.0,15.0,11.0,82,0,0.203287
1248,15.0,6,0,2,-21.0,1,1.0,16.0,11.0,94,0,0.206087
1249,17.0,6,0,2,-18.0,0,0.0,16.0,11.0,58,0,0.207775
1250,9.0,5,0,1,-25.0,1,3.0,14.0,11.0,94,0,0.207256
1251,16.0,5,0,1,-23.0,2,6.0,16.0,11.0,74,0,0.201075
1252,15.0,6,0,2,-19.0,2,2.0,13.0,11.0,82,0,0.205101
1253,13.0,6,0,1,-22.0,1,2.0,15.0,11.0,82,0,0.209152
1254,16.0,6,0,1,-20.0,1,3.0,15.0,11.0,82,0,0.211609
1255,14.0,5,0,1,-22.0,1,3.0,16.0,11.0,90,0,0.201938
1256,8.0,4,0,2,-29.0,1,1.0,19.0,11.0,118,0,0.200372
1257,14.0,4,0,1,-22.0,2,4.0,16.0,11.0,90,0,0.202228
1258,6.0,5,0,3,-27.0,1,2.0,12.0,11.0,94,0,0.212004
1259,5.0,5,0,4,-27.0,0,0.0,12.0,11.0,102,0,0.208305
1260,4.0,4,0,4,-29.0,1,1.0,13.0,11.0,74,0,0.201743
1261,10.0,4,0,3,-22.0,1,1.0,13.0,11.0,106,0,0.204252
1262,10.0,4,0,4,-22.0,0,0.0,13.0,11.0,90,1,0.200594
1263,0.0,3,0,4,-31.0,0,0.0,13.0,11.0,170,0,0.204027
1264,-1.0,2,0,4,-30.0,0,0.0,12.0,11.0,186,0,0.20292
1265,-5.0,1,0,3,-33.0,1,1.0,12.0,11.0,250,0,0.201824
1266,2.0,1,0,3,-30.0,2,4.0,13.0,11.0,166,3,0.203941
1267,3.0,1,0,3,-31.0,2,5.0,14.0,11.0,242,0,0.202523
1268,5.0,2,0,2,-33.0,2,8.0,15.0,11.0,134,0,0.202963
1269,4.0,2,0,4,-34.0,2,6.0,15.0,11.0,194,0,0.202979
1270,2.0,3,0,1,-30.0,2,4.0,13.0,11.0,102,0,0.201925
1271,3.0,3,0,2,-28.0,1,1.0,14.0,11.0,122,0,0.201664
1272,0.0,3,0,3,-32.0,1,1.0,14.0,11.0,142,0,0.204694
1273,5.0,3,0,2,-26.0,1,2.0,13.0,11.0,118,0,0.206071
1274,4.0,3,0,2,-26.0,1,1.0,13.0,11.0,130,0,0.201498
1275,-1.0,3,0,3,-31.0,0,0.0,13.0,11.0,122,2,0.204636
1276,-7.0,2,0,2,-36.0,0,0.0,14.0,11.0,210,1,0.202609
1277,-8.0,1,0,3,-38.0,0,0.0,15.0,11.0,254,4,0.202734
1278,-10.0,0,0,1,-39.0,2,2.0,15.0,11.0,214,5,0.201052
1279,-6.0,0,0,2,-38.0,2,3.0,16.0,11.0,150,0,0.200608
1280,1.0,1,0,2,-32.0,2,4.0,15.0,11.0,146,0,0.200157
1281,2.0,2,0,2,-30.0,2,3.0,14.0,11.0,142,0,0.205556
1282,5.0,2,0,2,-29.0,3,5.0,14.0,11.0,106,0,0.210132
1283,3.0,2,0,2,-30.0,1,3.0,15.0,11.0,146,0,0.200115
1284,1.0,1,0,2,-31.0,2,4.0,14.0,11.0,122,0,0.204211
1285,0.0,2,0,4,-30.0,0,0.0,13.0,11.0,194,0,0.203533
1286,1.0,1,0,3,-30.0,2,3.0,13.0,11.0,178,0,0.201365
1287,4.0,1,0,4,-30.0,2,4.0,14.0,11.0,178,2,0.204234
1288,3.0,1,0,4,-31.0,2,4.0,14.0,11.0,250,0,0.202931
1289,11.0,2,0,2,-28.0,4,12.0,12.0,11.0,102,0,0.204626
1290,1.0,3,0,4,-30.0,0,0.0,13.0,11.0,158,0,0.202878
1291,0.0,2,0,4,-30.0,1,1.0,12.0,11.0,94,0,0.210415
1292,4.0,2,0,4,-28.0,2,3.0,12.0,11.0,122,0,0.20675
1293,5.0,2,0,4,-28.0,2,4.0,12.0,11.0,94,0,0.201659
1294,9.0,2,0,3,-26.0,3,6.0,13.0,11.0,98,0,0.203459
1295,10.0,4,0,4,-24.0,1,3.0,12.0,11.0,130,0,0.206131
1296,18.0,4,0,2,-22.0,3,9.0,14.0,11.0,110,0,0.20608
1297,8.0,5,0,2,-26.0,0,0.0,16.0,11.0,110,0,0.201743
1298,9.0,4,0,1,-25.0,1,5.0,13.0,11.0,98,0,0.203801
1299,17.0,4,0,1,-22.0,3,8.0,15.0,11.0,102,0,0.204248
1300,21.0,5,0,1,-20.0,3,11.0,13.0,11.0,62,0,0.201412
1301,18.0,6,0,4,-19.0,1,1.0,15.0,11.0,90,0,0.204666
1302,20.0,6,0,3,-18.0,2,4.0,14.0,11.0,66,0,0.206494
1303,17.0,6,0,3,-22.0,1,3.0,16.0,11.0,90,0,0.206618
1304,27.0,6,0,2,-19.0,3,10.0,17.0,11.0,74,0,0.209664
1305,25.0,6,0,1,-16.0,2,3.0,20.0,11.0,74,0,0.206889
1306,18.0,7,0,3,-21.0,0,0.0,18.0,11.0,82,0,0.204564
1307,6.0,6,0,1,-26.0,1,1.0,13.0,11.0,70,0,0.202074
1308,11.0,5,0,2,-24.0,1,1.0,16.0,11.0,90,0,0.203507
1309,6.0,5,0,2,-30.0,1,2.0,16.0,11.0,74,0,0.203324
1310,17.0,5,0,2,-22.0,3,5.0,16.0,11.0,78,0,0.209411
1311,23.0,7,0,2,-17.0,1,2.0,18.0,11.0,66,0,0.207635
1312,15.0,6,0,2,-24.0,1,2.0,18.0,11.0,82,0,0.207081
1313,13.0,5,0,2,-26.0,1,2.0,19.0,11.0,90,0,0.205981
1314,12.0,4,0,2,-27.0,2,3.0,19.0,11.0,110,0,0.206965
1315,20.0,4,0,3,-24.0,4,8.0,18.0,11.0,90,0,0.204144
1316,13.0,5,0,2,-28.0,1,3.0,20.0,11.0,90,0,0.212993
1317,13.0,4,0,2,-28.0,2,4.0,20.0,11.0,102,0,0.203743
1318,17.0,4,0,3,-27.0,2,5.0,21.0,11.0,78,0,0.210909
1319,5.0,3,0,2,-31.0,0,0.0,20.0,11.0,138,0,0.202145
1320,4.0,2,0,3,-32.0,1,1.0,19.0,11.0,110,0,0.201597
1321,8.0,2,0,2,-31.0,2,5.0,19.0,11.0,190,0,0.201332
1322,12.0,3,0,2,-24.0,3,4.0,16.0,11.0,86,0,0.207804
1323,7.0,3,0,2,-29.0,2,4.0,16.0,11.0,114,0,0.200028
1324,9.0,3,0,2,-25.0,2,2.0,16.0,11.0,118,0,0.20339
1325,3.0,3,0,3,-32.0,1,2.0,16.0,11.0,138,0,0.200203
1326,11.0,3,0,3,-30.0,2,7.0,17.0,11.0,102,0,0.204249
1327,12.0,4,0,3,-29.0,2,6.0,17.0,11.0,106,0,0.206256
1328,16.0,5,0,3,-24.0,1,1.0,20.0,11.0,90,0,0.209543
1329,9.0,5,0,3,-29.0,0,0.0,19.0,11.0,66,0,0.205415
1330,19.0,4,0,4,-23.0,2,4.0,19.0,11.0,94,0,0.207599
1331,11.0,4,0,3,-29.0,2,4.0,18.0,11.0,74,0,0.205384
1332,13.0,4,0,3,-28.0,2,5.0,18.0,11.0,90,0,0.202407
1333,9.0,5,0,3,-29.0,0,0.0,19.0,11.0,98,0,0.205393
1334,5.0,4,0,2,-29.0,1,1.0,16.0,11.0,94,0,0.206711
1335,9.0,4,0,2,-28.0,2,3.0,17.0,11.0,102,0,0.20412
1336,10.0,4,0,2,-26.0,1,2.0,17.0,11.0,102,0,0.204433
1337,8.0,4,0,3,-30.0,2,4.0,16.0,11.0,118,0,0.201208
1338,16.0,5,0,2,-26.0,3,10.0,14.0,11.0,86,0,0.211147
1339,14.0,6,0,2,-20.0,0,0.0,15.0,11.0,90,0,0.201353
1340,6.0,5,0,2,-27.0,0,0.0,15.0,11.0,86,0,0.204695
1341,1.0,4,0,2,-31.0,1,1.0,14.0,11.0,114,0,0.203265
1342,2.0,4,0,3,-30.0,0,0.0,14.0,11.0,114,0,0.201763
1343,1.0,3,0,4,-34.0,0,0.0,17.0,11.0,162,0,0.204971
1344,2.0,2,0,3,-33.0,2,2.0,17.0,11.0,142,0,0.202188
1345,5.0,2,0,3,-32.0,2,3.0,18.0,11.0,194,0,0.20296
1346,8.0,3,0,3,-30.0,2,5.0,16.0,11.0,122,0,0.203356
1347,12.0,3,0,3,-28.0,2,6.0,17.0,11.0,142,0,0.207677
1348,14.0,4,0,2,-29.0,2,6.0,20.0,11.0,90,0,0.208117
1349,19.0,5,0,3,-25.0,2,8.0,17.0,11.0,82,0,0.200723
1350,13.0,6,0,3,-22.0,0,0.0,15.0,11.0,94,0,0.209147
1351,11.0,5,0,1,-27.0,2,4.0,17.0,11.0,70,0,0.203417
1352,12.0,6,0,4,-27.0,0,0.0,18.0,11.0,98,0,0.200869
1353,12.0,5,0,2,-26.0,2,3.0,17.0,11.0,74,0,0.205777
1354,15.0,6,0,4,-24.0,1,1.0,17.0,11.0,94,0,0.20452
1355,17.0,6,0,2,-23.0,1,2.0,19.0,11.0,78,0,0.205875
1356,17.0,5,0,3,-22.0,1,2.0,18.0,11.0,86,0,0.204172
1357,21.0,5,0,2,-20.0,3,5.0,18.0,11.0,90,0,0.205696
1358,17.0,6,0,1,-24.0,2,8.0,15.0,11.0,66,0,0.219202
1359,17.0,6,0,1,-20.0,2,2.0,17.0,11.0,78,0,0.204635
1360,13.0,6,0,2,-24.0,1,2.0,16.0,11.0,58,0,0.203737
1361,12.0,6,0,2,-24.0,1,1.0,16.0,11.0,78,0,0.200345
1362,7.0,6,0,2,-29.0,1,1.0,16.0,11.0,86,0,0.202942
1363,6.0,6,0,2,-28.0,0,0.0,15.0,11.0,94,0,0.203267
1364,4.0,5,0,1,-28.0,0,0.0,15.0,11.0,110,0,0.205832
1365,6.0,4,0,1,-28.0,1,2.0,16.0,11.0,94,0,0.211927
1366,2.0,4,0,2,-33.0,1,3.0,15.0,11.0,122,0,0.200005
1367,0.0,4,0,3,-34.0,0,0.0,16.0,11.0,94,0,0.209869
1368,1.0,3,0,2,-34.0,1,2.0,17.0,11.0,114,0,0.205538
1369,0.0,3,0,2,-34.0,2,2.0,16.0,11.0,98,0,0.201598
1370,0.0,3,0,2,-34.0,2,3.0,15.0,11.0,118,0,0.203971
1371,2.0,3,0,2,-32.0,1,2.0,16.0,11.0,126,0,0.200125
1372,-3.0,3,0,3,-36.0,0,0.0,16.0,11.0,150,0,0.203737
1373,-6.0,2,0,2,-38.0,1,1.0,16.0,11.0,146,0,0.201665
1374,-5.0,2,0,3,-37.0,0,0.0,16.0,11.0,174,0,0.204335
1375,-6.0,1,0,3,-38.0,1,1.0,16.0,11.0,178,0,0.203079
1376,-5.0,1,0,3,-37.0,0,0.0,17.0,11.0,146,1,0.20112
1377,-5.0,0,0,2,-38.0,2,3.0,17.0,11.0,190,3,0.201068
1378,1.0,0,0,2,-36.0,4,8.0,16.0,11.0,130,0,0.201538
1379,8.0,2,0,2,-30.0,4,9.0,14.0,11.0,122,2,0.20608
1380,6.0,3,0,2,-28.0,1,4.0,14.0,11.0,142,0,0.205506
1381,4.0,3,0,1,-32.0,1,3.0,18.0,11.0,122,0,0.202304
1382,0.0,2,0,2,-36.0,2,4.0,17.0,11.0,138,0,0.202681
1383,2.0,2,0,3,-34.0,1,3.0,17.0,11.0,118,0,0.205822
1384,-1.0,2,0,3,-36.0,2,3.0,16.0,11.0,190,1,0.201287
1385,0.0,3,0,4,-34.0,0,0.0,16.0,11.0,138,3,0.20286
1386,-4.0,2,0,3,-34.0,1,1.0,13.0,11.0,150,0,0.202814
1387,-2.0,2,0,3,-34.0,1,2.0,14.0,11.0,190,3,0.201779
1388,-3.0,2,0,2,-33.0,1,1.0,14.0,11.0,122,1,0.204785
1389,1.0,2,0,2,-31.0,1,2.0,15.0,11.0,82,3,0.205131
1390,-3.0,2,0,3,-34.0,0,0.0,15.0,11.0,162,0,0.204331
1391,-5.0,1,0,3,-35.0,0,0.0,15.0,11.0,226,5,0.201391
1392,-3.0,0,0,2,-36.0,2,4.0,16.0,11.0,218,0,0.203077
1393,-3.0,0,0,2,-35.0,1,3.0,16.0,11.0,254,2,0.20136
1394,-5.0,0,0,3,-35.0,1,1.0,15.0,11.0,282,4,0.200145
1395,0.0,0,0,3,-34.0,3,5.0,15.0,11.0,230,3,0.200766
1396,-1.0,1,0,2,-32.0,1,2.0,15.0,11.0,146,2,0.205477
1397,1.0,1,0,2,-32.0,2,4.0,15.0,11.0,138,4,0.204957
1398,3.0,1,0,2,-32.0,2,5.0,16.0,11.0,150,0,0.202507
1399,3.0,2,0,3,-32.0,1,4.0,15.0,11.0,142,3,0.204132
1400,5.0,2,0,2,-32.0,3,9.0,13.0,11.0,106,0,0.204205
1401,12.0,4,0,2,-24.0,2,5.0,14.0,11.0,94,0,0.206008
1402,23.0,5,0,1,-21.0,3,9.0,18.0,11.0,82,0,0.209122
1403,14.0,5,0,1,-26.0,1,5.0,18.0,11.0,90,0,0.202421
1404,6.0,5,0,2,-27.0,0,0.0,15.0,11.0,106,0,0.20249
1405,7.0,4,0,2,-26.0,2,2.0,14.0,11.0,98,0,0.206155
1406,5.0,4,0,2,-28.0,1,2.0,14.0,11.0,98,0,0.202242
1407,7.0,4,0,2,-26.0,2,2.0,14.0,11.0,98,0,0.200177
1408,13.0,4,0,1,-24.0,2,4.0,17.0,11.0,74,0,0.202438
1409,12.0,5,0,3,-24.0,1,2.0,15.0,11.0,106,0,0.203348
1410,13.0,5,0,2,-22.0,1,1.0,16.0,11.0,86,0,0.202551
1411,14.0,5,0,3,-21.0,0,0.0,16.0,11.0,106,0,0.207973
1412,13.0,4,0,3,-22.0,1,1.0,16.0,11.0,122,0,0.203561
1413,9.0,4,0,3,-26.0,0,0.0,17.0,11.0,118,0,0.204286
1414,8.0,3,0,5,-27.0,0,0.0,16.0,11.0,158,3,0.20285
1415,4.0,2,0,2,-29.0,2,3.0,15.0,11.0,126,0,0.207612
1416,9.0,3,0,3,-26.0,2,4.0,14.0,11.0,150,0,0.200118
1417,12.0,4,0,2,-26.0,1,4.0,17.0,11.0,78,0,0.201348
1418,9.0,4,0,4,-28.0,2,3.0,15.0,11.0,122,0,0.201131
1419,15.0,5,0,3,-20.0,0,0.0,16.0,11.0,70,0,0.202239
1420,11.0,4,0,3,-25.0,1,1.0,17.0,11.0,122,0,0.203446
1421,11.0,4,0,3,-24.0,0,0.0,17.0,11.0,82,0,0.207123
1422,11.0,3,0,3,-25.0,1,1.0,18.0,11.0,150,0,0.203777
1423,14.0,3,0,2,-24.0,2,4.0,18.0,11.0,102,0,0.204094
1424,12.0,3,0,4,-26.0,1,3.0,17.0,11.0,122,0,0.20217
1425,10.0,3,0,5,-27.0,1,1.0,17.0,11.0,138,0,0.205045
1426,14.0,3,0,4,-26.0,2,4.0,18.0,11.0,126,0,0.2058
1427,7.0,3,0,5,-30.0,0,0.0,18.0,11.0,138,0,0.205405
1428,7.0,2,0,5,-30.0,1,1.0,18.0,11.0,178,0,0.202663
1429,8.0,2,0,4,-30.0,1,2.0,19.0,11.0,138,0,0.200308
1430,8.0,1,0,3,-30.0,3,4.0,19.0,11.0,110,0,0.204829
1431,9.0,1,0,4,-30.0,2,4.0,19.0,11.0,178,0,0.200698
1432,7.0,1,0,4,-30.0,2,2.0,19.0,11.0,138,0,0.20125
1433,7.0,1,0,3,-30.0,1,2.0,20.0,11.0,246,1,0.202548
1434,12.0,1,0,2,-29.0,3,7.0,20.0,11.0,130,2,0.202491
1435,13.0,2,0,4,-27.0,2,6.0,17.0,11.0,198,0,0.203112
1436,14.0,3,0,2,-26.0,1,5.0,19.0,11.0,114,0,0.201456
1437,19.0,3,0,3,-26.0,3,10.0,18.0,11.0,146,3,0.205579
1438,19.0,5,0,3,-21.0,2,9.0,12.0,11.0,90,0,0.207806
1439,18.0,5,0,1,-24.0,2,10.0,15.0,11.0,78,0,0.213951
1440,24.0,6,0,2,-24.0,2,10.0,19.0,11.0,78,0,0.200713
1441,16.0,6,0,2,-30.0,1,9.0,18.0,11.0,74,0,0.200314
1442,13.0,6,0,2,-24.0,2,5.0,13.0,11.0,70,0,0.208735
1443,13.0,7,0,0,-22.0,2,3.0,14.0,11.0,62,0,0.216153
1444,17.0,7,0,0,-20.0,2,4.0,15.0,11.0,70,0,0.212616
1445,15.0,8,0,0,-20.0,0,0.0,16.0,11.0,70,0,0.203657
1446,10.0,7,0,0,-25.0,1,1.0,16.0,11.0,78,0,0.200955
1447,16.0,7,0,0,-20.0,1,2.0,16.0,11.0,74,0,0.204936
1448,15.0,7,0,0,-19.0,0,0.0,16.0,11.0,66,0,0.202789
1449,17.0,6,0,0,-18.0,2,2.0,16.0,11.0,82,0,0.201653
1450,20.0,6,0,0,-18.0,2,3.0,18.0,11.0,46,0,0.200079
1451,20.0,7,0,1,-18.0,1,3.0,16.0,11.0,74,0,0.207518
1452,17.0,7,0,1,-22.0,2,5.0,15.0,11.0,58,0,0.203375
1453,23.0,8,0,1,-17.0,1,2.0,18.0,11.0,74,0,0.208121
1454,21.0,8,0,1,-18.0,0,0.0,19.0,11.0,70,0,0.20477
1455,19.0,7,0,3,-20.0,0,0.0,18.0,11.0,82,0,0.202502
1456,13.0,6,0,0,-23.0,2,6.0,13.0,11.0,70,0,0.206627
1457,24.0,7,0,1,-19.0,2,8.0,16.0,11.0,78,0,0.205299
1458,16.0,8,0,1,-20.0,1,1.0,15.0,11.0,70,0,0.205041
1459,16.0,8,0,2,-20.0,0,0.0,15.0,11.0,62,0,0.206923
1460,13.0,7,0,2,-23.0,1,1.0,15.0,11.0,82,0,0.208922
1461,14.0,7,0,2,-21.0,0,0.0,15.0,11.0,62,0,0.201401
1462,13.0,6,0,2,-22.0,0,0.0,16.0,11.0,86,0,0.200754
1463,12.0,5,0,3,-22.0,1,1.0,14.0,11.0,90,0,0.207445
1464,9.0,5,0,2,-26.0,1,2.0,15.0,11.0,98,0,0.201911
1465,11.0,5,0,1,-26.0,2,6.0,14.0,11.0,90,0,0.207634
1466,6.0,5,0,1,-28.0,1,1.0,16.0,11.0,94,0,0.201324
1467,5.0,5,0,2,-28.0,0,0.0,15.0,11.0,106,0,0.207823
1468,2.0,4,0,1,-29.0,1,1.0,14.0,11.0,82,0,0.208704
1469,6.0,4,0,1,-28.0,2,4.0,14.0,11.0,102,0,0.204778
1470,9.0,4,0,3,-22.0,2,2.0,11.0,11.0,66,0,0.207597
1471,5.0,4,0,3,-27.0,1,2.0,12.0,11.0,98,0,0.203389
1472,10.0,3,0,3,-22.0,1,2.0,13.0,11.0,90,0,0.207231
1473,3.0,3,0,3,-29.0,1,2.0,13.0,11.0,138,0,0.200437
1474,6.0,3,0,2,-29.0,3,7.0,12.0,11.0,110,0,0.202965
1475,11.0,4,0,2,-25.0,2,6.0,13.0,11.0,102,0,0.20646
1476,3.0,4,0,2,-31.0,1,4.0,13.0,11.0,102,0,0.207648
1477,0.0,3,0,2,-34.0,1,4.0,14.0,11.0,114,0,0.205001
1478,1.0,2,0,2,-34.0,3,6.0,14.0,11.0,114,0,0.200849
1479,0.0,2,0,3,-34.0,1,4.0,14.0,11.0,134,0,0.204645
1480,0.0,1,0,1,-31.0,3,4.0,14.0,11.0,106,0,0.205803
1481,2.0,3,0,3,-28.0,0,0.0,13.0,11.0,142,0,0.204754
1482,5.0,2,0,2,-28.0,2,4.0,14.0,11.0,94,0,0.201025
1483,13.0,3,0,2,-26.0,4,11.0,12.0,11.0,98,0,0.202863
1484,8.0,4,0,1,-26.0,2,4.0,14.0,11.0,70,0,0.205571
1485,6.0,5,0,2,-28.0,1,3.0,13.0,11.0,94,0,0.20508
1486,6.0,5,0,2,-28.0,1,4.0,12.0,11.0,106,0,0.20853
1487,16.0,5,0,2,-28.0,3,7.0,19.0,11.0,82,0,0.207806
1488,16.0,5,0,2,-28.0,2,6.0,20.0,11.0,66,0,0.20239
1489,17.0,5,0,2,-26.0,2,6.0,19.0,11.0,82,0,0.204246
1490,16.0,6,0,4,-24.0,1,2.0,17.0,11.0,78,0,0.203244
1491,11.0,6,0,1,-23.0,1,1.0,15.0,11.0,86,0,0.202728
1492,15.0,6,0,4,-24.0,0,0.0,18.0,11.0,82,0,0.201988
1493,9.0,5,0,1,-24.0,1,3.0,13.0,11.0,90,0,0.20891
1494,11.0,4,0,1,-22.0,2,4.0,13.0,11.0,102,0,0.208563
1495,11.0,4,0,1,-24.0,2,5.0,14.0,11.0,102,0,0.207666
1496,10.0,4,0,3,-28.0,1,3.0,17.0,11.0,106,0,0.208183
1497,13.0,4,0,3,-26.0,2,2.0,19.0,11.0,94,0,0.210635
1498,14.0,4,0,3,-25.0,2,4.0,17.0,11.0,102,0,0.203976
1499,14.0,4,0,4,-28.0,2,4.0,19.0,11.0,86,0,0.207341
1500,16.0,4,0,4,-26.0,2,5.0,18.0,11.0,86,0,0.203781
1501,9.0,5,0,3,-28.0,0,0.0,18.0,11.0,86,0,0.202474
1502,11.0,4,0,2,-27.0,3,6.0,15.0,11.0,78,0,0.214044
1503,14.0,5,0,4,-24.0,2,2.0,16.0,11.0,86,0,0.207039
1504,13.0,5,0,3,-24.0,1,2.0,16.0,11.0,74,0,0.208505
1505,12.0,5,0,3,-26.0,1,1.0,18.0,11.0,86,0,0.200773
1506,15.0,5,0,3,-23.0,1,1.0,18.0,11.0,86,0,0.201667
1507,14.0,5,0,3,-24.0,0,0.0,19.0,11.0,106,0,0.204495
1508,11.0,4,0,3,-26.0,0,0.0,19.0,11.0,106,0,0.209041
1509,9.0,3,0,3,-27.0,1,1.0,18.0,11.0,122,0,0.205319
1510,14.0,3,0,2,-25.0,2,4.0,19.0,11.0,70,0,0.202263
1511,18.0,3,0,2,-24.0,3,8.0,18.0,11.0,86,0,0.208122
1512,18.0,4,0,3,-23.0,2,4.0,19.0,11.0,102,0,0.20215
1513,13.0,5,0,4,-25.0,0,0.0,18.0,11.0,90,0,0.2016
1514,12.0,4,0,2,-24.0,1,4.0,15.0,11.0,102,0,0.208267
1515,16.0,4,0,3,-24.0,2,6.0,16.0,11.0,118,0,0.200925
1516,16.0,5,0,2,-23.0,2,8.0,13.0,11.0,90,0,0.205272
1517,9.0,5,0,1,-31.0,2,9.0,14.0,11.0,74,0,0.204534
1518,13.0,6,0,1,-26.0,1,3.0,18.0,11.0,78,0,0.207706
1519,15.0,5,0,1,-26.0,3,5.0,19.0,11.0,54,0,0.204001
1520,18.0,5,0,1,-26.0,3,7.0,20.0,11.0,78,0,0.200771
1521,12.0,5,0,1,-28.0,1,3.0,20.0,11.0,66,0,0.207063
1522,10.0,5,0,2,-27.0,1,1.0,18.0,11.0,86,0,0.208862
1523,8.0,4,0,1,-29.0,2,3.0,18.0,11.0,74,0,0.205455
1524,9.0,3,0,1,-29.0,4,5.0,18.0,11.0,78,0,0.200188
1525,16.0,3,0,1,-22.0,4,6.0,17.0,11.0,78,0,0.208825
1526,11.0,5,0,2,-26.0,2,5.0,14.0,11.0,78,0,0.205349
1527,9.0,6,0,2,-26.0,0,0.0,16.0,11.0,90,0,0.204932
1528,10.0,5,0,2,-25.0,2,2.0,15.0,11.0,70,0,0.209888
1529,11.0,5,0,3,-25.0,1,1.0,16.0,11.0,98,0,0.201927
1530,11.0,5,0,2,-25.0,1,2.0,16.0,11.0,58,0,0.200457
1531,13.0,5,0,4,-26.0,2,4.0,15.0,11.0,102,0,0.200973
1532,22.0,6,0,3,-19.0,3,7.0,14.0,11.0,62,0,0.202186
1533,27.0,7,0,2,-13.0,2,4.0,16.0,11.0,70,0,0.201852
1534,15.0,7,0,1,-21.0,0,0.0,17.0,11.0,82,0,0.207502
1535,4.0,6,0,2,-30.0,0,0.0,15.0,11.0,94,0,0.206561
1536,10.0,5,0,2,-24.0,2,2.0,14.0,11.0,74,0,0.202844
1537,8.0,6,0,2,-27.0,1,2.0,14.0,11.0,82,0,0.204121
1538,9.0,6,0,3,-26.0,0,0.0,15.0,11.0,86,0,0.205
1539,9.0,5,0,1,-26.0,1,2.0,16.0,11.0,74,0,0.20148
1540,4.0,5,0,2,-30.0,0,0.0,16.0,11.0,102,0,0.20865
1541,7.0,4,0,1,-28.0,2,2.0,17.0,11.0,66,0,0.204833
1542,6.0,4,0,2,-28.0,1,1.0,16.0,11.0,122,0,0.204356
1543,9.0,4,0,2,-27.0,2,3.0,16.0,11.0,70,0,0.209958
1544,16.0,5,0,2,-24.0,2,6.0,16.0,11.0,82,0,0.207341
1545,11.0,5,0,2,-26.0,1,4.0,15.0,11.0,90,0,0.203025
1546,12.0,4,0,2,-28.0,2,5.0,18.0,11.0,102,0,0.208119
1547,11.0,4,0,2,-28.0,1,4.0,18.0,11.0,102,0,0.207663
1548,13.0,3,0,1,-27.0,3,6.0,19.0,11.0,90,0,0.203044
1549,12.0,3,0,1,-28.0,2,6.0,19.0,11.0,118,0,0.206889
1550,16.0,3,0,1,-27.0,4,9.0,19.0,11.0,70,0,0.204442
1551,14.0,3,0,1,-28.0,2,7.0,20.0,11.0,102,0,0.206543
1552,12.0,2,0,1,-30.0,3,8.0,20.0,11.0,78,0,0.204494
1553,15.0,2,0,1,-29.0,3,9.0,21.0,11.0,118,0,0.204797
1554,14.0,2,0,2,-30.0,3,10.0,19.0,11.0,94,0,0.201663
1555,7.0,2,0,2,-32.0,2,5.0,19.0,11.0,122,0,0.201986
1556,7.0,3,0,3,-30.0,2,3.0,17.0,11.0,118,3,0.200898
1557,7.0,3,0,1,-32.0,2,6.0,18.0,11.0,118,0,0.202907
1558,6.0,3,0,2,-34.0,2,5.0,19.0,11.0,118,0,0.203481
1559,12.0,3,0,1,-30.0,3,7.0,20.0,11.0,82,0,0.202937
1560,10.0,5,0,2,-28.0,1,3.0,17.0,11.0,90,0,0.204909
1561,7.0,5,0,3,-30.0,1,1.0,17.0,11.0,86,0,0.201131
1562,14.0,5,0,1,-26.0,3,9.0,14.0,11.0,74,0,0.201185
1563,11.0,7,0,2,-24.0,0,0.0,15.0,11.0,74,0,0.205174
1564,12.0,6,0,2,-23.0,0,0.0,16.0,11.0,90,0,0.207086
1565,14.0,5,0,2,-23.0,2,2.0,17.0,11.0,90,0,0.204232
1566,11.0,5,0,3,-25.0,0,0.0,17.0,11.0,110,0,0.205486
1567,6.0,4,0,5,-29.0,0,0.0,15.0,11.0,142,0,0.205773
1568,-28.0,3,0,1,-32.0,0,0.0,0.0,0.0,154,0,0.202011
1569,0.0,2,0,4,-34.0,1,1.0,16.0,11.0,190,0,0.202148
1570,1.0,2,0,3,-34.0,1,2.0,17.0,11.0,106,0,0.206282
1571,3.0,2,0,3,-34.0,2,4.0,17.0,11.0,138,0,0.200266
1572,7.0,2,0,3,-32.0,4,7.0,16.0,11.0,98,0,0.201918
1573,11.0,4,0,3,-24.0,3,5.0,12.0,11.0,90,0,0.202945
1574,14.0,4,0,3,-23.0,3,5.0,14.0,11.0,70,0,0.208406
1575,11.0,5,0,2,-25.0,1,2.0,16.0,11.0,102,0,0.204554
1576,4.0,5,0,2,-30.0,0,0.0,16.0,11.0,90,0,0.203831
1577,-1.0,4,0,2,-32.0,0,0.0,14.0,11.0,118,0,0.203164
1578,-6.0,3,0,2,-36.0,0,0.0,14.0,11.0,146,0,0.200036
1579,-7.0,2,0,2,-38.0,2,2.0,14.0,11.0,126,1,0.206573
1580,-4.0,3,0,3,-34.0,0,0.0,13.0,11.0,138,0,0.200913
1581,0.0,2,0,3,-34.0,2,4.0,14.0,11.0,138,1,0.201436
1582,-2.0,2,0,4,-35.0,1,2.0,14.0,11.0,194,1,0.201394
1583,-4.0,2,0,2,-35.0,1,1.0,15.0,11.0,138,3,0.205895
1584,-3.0,2,0,3,-34.0,0,0.0,15.0,11.0,230,3,0.20166
1585,-5.0,1,0,4,-36.0,0,0.0,15.0,11.0,190,3,0.204066
1586,-3.0,0,0,3,-36.0,2,4.0,15.0,11.0,182,0,0.206333
1587,0.0,0,0,4,-35.0,3,6.0,14.0,11.0,118,0,0.205448
1588,3.0,2,0,2,-35.0,3,9.0,14.0,11.0,102,0,0.200663
1589,10.0,3,0,3,-32.0,3,11.0,14.0,11.0,118,0,0.202648
1590,9.0,4,0,2,-27.0,4,8.0,11.0,11.0,90,0,0.20591
1591,7.0,5,0,2,-25.0,1,1.0,13.0,11.0,106,0,0.205051
1592,12.0,5,0,2,-24.0,2,4.0,14.0,11.0,90,0,0.20786
1593,9.0,5,0,4,-27.0,1,3.0,13.0,11.0,66,0,0.200009
1594,7.0,5,0,4,-29.0,1,4.0,12.0,11.0,82,0,0.206269
1595,-1.0,4,0,2,-34.0,2,5.0,11.0,11.0,78,0,0.204277
1596,1.0,5,0,2,-32.0,1,2.0,13.0,11.0,102,0,0.201631
1597,0.0,5,0,1,-32.0,0,0.0,15.0,11.0,102,0,0.204349
1598,-4.0,4,0,2,-36.0,1,1.0,14.0,11.0,102,0,0.201892
1599,-4.0,4,0,2,-36.0,0,0.0,15.0,11.0,102,0,0.203946
1600,-3.0,3,0,1,-35.0,2,2.0,15.0,11.0,114,0,0.207425
1601,-3.0,3,0,1,-36.0,1,2.0,16.0,11.0,130,0,0.20051
1602,0.0,3,0,2,-36.0,3,5.0,15.0,11.0,86,0,0.203961
1603,1.0,3,0,2,-34.0,2,4.0,15.0,11.0,118,0,0.205407
1604,2.0,3,0,3,-35.0,2,5.0,15.0,11.0,78,0,0.206689
1605,-4.0,4,0,4,-36.0,0,0.0,13.0,11.0,118,0,0.205097
1606,-9.0,3,0,3,-37.0,0,0.0,11.0,11.0,122,0,0.201564
1607,-11.0,2,0,4,-42.0,0,0.0,14.0,11.0,178,2,0.200634
1608,-11.0,1,0,2,-42.0,2,2.0,15.0,11.0,174,0,0.200674
1609,-12.0,1,0,4,-42.0,0,0.0,14.0,11.0,222,2,0.200594
1610,-9.0,0,0,3,-42.0,3,4.0,15.0,11.0,174,0,0.202568
1611,-7.0,0,0,3,-41.0,3,5.0,15.0,11.0,190,5,0.200253
1612,-8.0,1,0,3,-40.0,1,3.0,14.0,11.0,258,4,0.202258
1613,-9.0,1,0,3,-42.0,1,4.0,14.0,11.0,182,0,0.203082
1614,-7.0,1,0,1,-41.0,4,9.0,12.0,11.0,114,0,0.201047
1615,-4.0,4,0,3,-34.0,0,0.0,12.0,11.0,110,0,0.202835
1616,-6.0,3,0,3,-35.0,1,1.0,11.0,11.0,110,0,0.204636
1617,-2.0,3,0,3,-34.0,2,3.0,12.0,11.0,98,0,0.207748
1618,1.0,4,0,3,-31.0,1,2.0,12.0,11.0,122,0,0.202414
1619,10.0,4,0,2,-28.0,3,7.0,14.0,11.0,98,0,0.201493
1620,3.0,5,0,2,-30.0,0,0.0,15.0,11.0,110,0,0.20211
1621,-2.0,4,0,3,-33.0,0,0.0,13.0,11.0,126,0,0.206124
1622,-6.0,3,0,3,-36.0,1,1.0,12.0,11.0,130,0,0.20191
1623,0.0,3,0,4,-34.0,2,3.0,13.0,11.0,118,0,0.206552
1624,-1.0,3,0,3,-32.0,1,2.0,12.0,11.0,70,0,0.204999
1625,1.0,3,0,3,-32.0,2,4.0,12.0,11.0,118,0,0.202465
1626,1.0,3,0,3,-32.0,1,3.0,13.0,11.0,90,0,0.200724
1627,-1.0,3,0,4,-32.0,1,1.0,12.0,11.0,126,0,0.200545
1628,0.0,3,0,3,-32.0,1,2.0,13.0,11.0,98,0,0.207193
1629,-1.0,3,0,4,-33.0,1,1.0,13.0,11.0,138,0,0.202448
1630,-1.0,3,0,4,-32.0,0,0.0,13.0,11.0,170,0,0.202225
1631,-3.0,2,0,4,-34.0,0,0.0,14.0,11.0,206,0,0.200791
1632,-5.0,1,0,4,-36.0,1,1.0,14.0,11.0,178,0,0.204103
1633,-2.0,1,0,4,-35.0,1,2.0,15.0,11.0,234,1,0.201158
1634,-6.0,1,0,4,-36.0,0,0.0,14.0,11.0,230,2,0.201128
1635,-5.0,0,0,4,-36.0,2,2.0,14.0,11.0,146,0,0.204187
1636,-3.0,0,0,4,-36.0,2,3.0,15.0,11.0,194,3,0.201307
1637,-3.0,0,0,4,-35.0,1,2.0,15.0,11.0,242,5,0.202641
1638,-3.0,0,0,3,-36.0,2,4.0,15.0,11.0,194,0,0.203842
1639,0.0,0,0,4,-35.0,3,6.0,14.0,11.0,154,0,0.200506
1640,-1.0,2,0,4,-35.0,2,4.0,13.0,11.0,138,0,0.200842
1641,-4.0,2,0,3,-34.0,1,1.0,13.0,11.0,138,2,0.202742
1642,-4.0,2,0,4,-34.0,0,0.0,13.0,11.0,174,5,0.203851
1643,-6.0,1,0,4,-36.0,0,0.0,14.0,11.0,230,4,0.20055
1644,-3.0,0,0,4,-38.0,2,6.0,14.0,11.0,190,5,0.202197
1645,-5.0,0,0,4,-36.0,1,1.0,15.0,11.0,182,1,0.205284
1646,-1.0,0,0,4,-34.0,2,3.0,15.0,11.0,142,0,0.205642
1647,1.0,1,0,4,-33.0,1,3.0,15.0,11.0,118,5,0.2003
1648,1.0,0,0,4,-34.0,2,4.0,16.0,11.0,118,0,0.201656
1649,2.0,0,0,4,-34.0,2,5.0,16.0,11.0,158,0,0.20099
1650,1.0,0,0,3,-35.0,2,6.0,16.0,11.0,218,0,0.201251
1651,-5.0,0,0,4,-37.0,1,1.0,16.0,11.0,210,3,0.201903
